{"type": "FeatureCollection", "features": [{"type": "Feature", "geometry": {"type": "Point", "coordinates": [11.5753822, 48.1371079]}, "properties": {"person_number": "280354398", "person_name": "David Aagten-Murphy, Ph.D.", "address": "Ludwig-Maximilians-Universität München\nDepartment Psychologie\nLehrstuhl für Allgemeine und Experimentelle Psychologie\nLeopoldstraße 13\n80802 München", "projects_count": 1, "projects": ["Wahrnehmungsstabilität durch prädiktive Aufmerksamkeitsverlagerung"], "topic_id": 2, "topic_label": "des, analyse, mathematik", "color": "#b5d147", "url": "https://gepris.dfg.de/gepris/person/280354398"}}, {"type": "Feature", "geometry": {"type": "Point", "coordinates": [-76.592394, 39.2964392]}, "properties": {"person_number": "1795716", "person_name": "Dr. Maryam Aalamian-Mattheis", "address": "Johns Hopkins Hospital\n1800 Orleans Street\nBaltimore MD 21287\nUSA", "projects_count": 1, "projects": ["Evaluierung der Effektivität der Vakzinebehandlung des Prostatakarzinoms in Kombination mit nicht-myeloablativer Knochenmarktransplantation im Tiermodell"], "topic_id": 2, "topic_label": "des, analyse, mathematik", "color": "#b5d147", "url": "https://gepris.dfg.de/gepris/person/1795716"}}, {"type": "Feature", "geometry": {"type": "Point", "coordinates": [6.083862, 50.776351]}, "properties": {"person_number": "71615791", "person_name": "Professor Dr. Wil van der Aalst", "address": "Rheinisch-Westfälische Technische Hochschule Aachen\nFachgruppe Informatik\nLehrstuhl für Informatik 9 - Process and Data Science\nAhornstraße 55\n52074 Aachen", "projects_count": 1, "projects": ["EXC 2023: Internet of Production (IoP)"], "topic_id": 2, "topic_label": "des, analyse, mathematik", "color": "#b5d147", "url": "https://gepris.dfg.de/gepris/person/71615791"}}, {"type": "Feature", "geometry": {"type": "Point", "coordinates": [10.000654, 53.550341]}, "properties": {"person_number": "241350988", "person_name": "Privatdozentin Dr. Ghazal Aarabi", "address": "Universitätsklinikum Hamburg-Eppendorf\nZentrum für Zahn-, Mund- und Kieferheilkunde (ZMK)\nPoliklinik für Parodontologie, Präventive Zahnmedizin\nMartinistraße 52\n20251 Hamburg", "projects_count": 3, "projects": ["Identifikation Oraler Mikrobieller Profile der Parodontitis und deren Beziehung zu kardiovaskulären Erkrankungen", "Zusammenhang zwischen Parodontitis, Hirnstruktur und kognitiver Hirnfunktion: Eine multimodale Studie mit biologischen und bildgebenden Risikomarkern (PAROMIND)", "Parodontitis als Risikofaktor für zerebrale Mikroangiopathien und stumme Hirninfarkte"], "topic_id": 9, "topic_label": "fur, untersuchung, methoden", "color": "#d1479a", "url": "https://gepris.dfg.de/gepris/person/241350988"}}, {"type": "Feature", "geometry": {"type": "Point", "coordinates": [26.7290023, 58.3779528]}, "properties": {"person_number": "162873306", "person_name": "Professor Dr. Jaan Aarik", "address": "University of Tartu\nInstitute of Physics\nÜlikooli 18\n50090 Tartu\nEstland", "projects_count": 1, "projects": ["Entangled spin pairs in graphene ENTS"], "topic_id": 2, "topic_label": "des, analyse, mathematik", "color": "#b5d147", "url": "https://gepris.dfg.de/gepris/person/162873306"}}, {"type": "Feature", "geometry": {"type": "Point", "coordinates": [23.7616372, 61.4977929]}, "properties": {"person_number": "136847108", "person_name": "Dr. Timo Aarrevaara", "address": "Tampereen yliopisto\nKalevantie 4\n33014 Tampere\nFinnland", "projects_count": 1, "projects": ["The Academic Profession in Europe: Responses to Societal Challenges"], "topic_id": 2, "topic_label": "des, analyse, mathematik", "color": "#b5d147", "url": "https://gepris.dfg.de/gepris/person/136847108"}}, {"type": "Feature", "geometry": {"type": "Point", "coordinates": [11.5734327, 49.9449711]}, "properties": {"person_number": "1686022", "person_name": "Privatdozent Dr. Gregor Aas", "address": "Universität Bayreuth\nÖkologisch-Botanischer Garten\nUniversitätsstraße 30\n95447 Bayreuth", "projects_count": 1, "projects": ["GRK 678: Wirk- und Signalstoffe bei Insekten - von der Struktur zur Funktion im Ökosystem"], "topic_id": 5, "topic_label": "grk, analysis, modeling", "color": "#47d1d1", "url": "https://gepris.dfg.de/gepris/person/1686022"}}, {"type": "Feature", "geometry": {"type": "Point", "coordinates": [12.4829321, 41.8933203]}, "properties": {"person_number": "558154874", "person_name": "Professorin Kristin B. Aavitsland", "address": "Universitetet i Oslo (UiO)\nIstituto di Norvegia in Roma\nViale Trenta Aprile 33\n00153 Roma\nItalien", "projects_count": 1, "projects": ["Das Nachleben des Museumsinterieurs der Moderne. Möbel und Hängevorrichtungen von Kunstwerken im Palazzo Bianco, Genua (1942-heute)"], "topic_id": 2, "topic_label": "des, analyse, mathematik", "color": "#b5d147", "url": "https://gepris.dfg.de/gepris/person/558154874"}}, {"type": "Feature", "geometry": {"type": "Point", "coordinates": [2.177073, 41.3825802]}, "properties": {"person_number": "280181940", "person_name": "Professor Dr. Javier Garcia De Abajo", "address": "IBEC- Institute for Bioengineering of Catalonia\nSingle Molecule BioNanophotonics group\nBaldiri Reixac, 15-21\n08028 Barcelona\nSpanien", "projects_count": 1, "projects": ["Nanopartikuläre Hybridmaterialien mit plasmonisch-verstärktem Aufkonvertierungs-FRET für die multiple Sensorik und optisches Barcoding"], "topic_id": 9, "topic_label": "fur, untersuchung, methoden", "color": "#d1479a", "url": "https://gepris.dfg.de/gepris/person/280181940"}}, {"type": "Feature", "geometry": {"type": "Point", "coordinates": [8.6820917, 50.1106444]}, "properties": {"person_number": "250929785", "person_name": "Judit Abardia-Evéquoz, Ph.D.", "address": "Goethe-Universität Frankfurt am Main\nFachbereich 12: Informatik und Mathematik\nInstitut für Mathematik\nPostfach 11932\n60054 Frankfurt am Main", "projects_count": 1, "projects": ["Isoperimetrische Ungleichungen und Minkowski Bewertungen in einem komplexen Vektorraum"], "topic_id": 6, "topic_label": "komplexen, transport, kreisschwimmer", "color": "#477ed1", "url": "https://gepris.dfg.de/gepris/person/250929785"}}, {"type": "Feature", "geometry": {"type": "Point", "coordinates": [8.531007, 52.0191005]}, "properties": {"person_number": "416885804", "person_name": "Professor Antonio Abate, Ph.D.", "address": "Universität Bielefeld\nFakultät für Chemie\nBereich Physikalische Chemie\nArbeitsgruppe Material Science - Joint Lab BiBer\nUniversitätsstraße 25\n33615 Bielefeld", "projects_count": 1, "projects": ["Rasterkraftmikroskop mit Glovebox-Cluster"], "topic_id": 2, "topic_label": "des, analyse, mathematik", "color": "#b5d147", "url": "https://gepris.dfg.de/gepris/person/416885804"}}, {"type": "Feature", "geometry": {"type": "Point", "coordinates": [8.6820917, 50.1106444]}, "properties": {"person_number": "262300096", "person_name": "Dr. Pascal Abb", "address": "Leibniz-Institut für Friedens- und Konfliktforschung (PRIF)\nProgrammbereich IV: Innerstaatliche Konflikte\nBaseler Straße 27-31\n60329 Frankfurt am Main", "projects_count": 1, "projects": ["Chinesische Adaptierung an Konfliktrisiken in der Ära der Belt-and-Road-Initiative: eine Multi-Akteurs-Analyse von Risikoperzeptionen und -reaktionen"], "topic_id": 2, "topic_label": "des, analyse, mathematik", "color": "#b5d147", "url": "https://gepris.dfg.de/gepris/person/262300096"}}, {"type": "Feature", "geometry": {"type": "Point", "coordinates": [31.009909, -29.861825]}, "properties": {"person_number": "405571593", "person_name": "Nathlee Abbai, Ph.D.", "address": "University of KwaZulu-Natal (UKZN)\nSchool of Clinical Medicine Laboratory\nDurban\nSüdafrika", "projects_count": 1, "projects": ["Das Wirtsrezeptor-Spektrum von Neisseria gonorrhoeae und Haemophilus ducreyi"], "topic_id": 2, "topic_label": "des, analyse, mathematik", "color": "#b5d147", "url": "https://gepris.dfg.de/gepris/person/405571593"}}, {"type": "Feature", "geometry": {"type": "Point", "coordinates": [5.3699525, 43.2961743]}, "properties": {"person_number": "286980699", "person_name": "Dr. Marco Abbarchi", "address": "Université Aix-Marseille\nInstitut Matériaux Microélectronique et Nanosciences de Provence\n(IM2NP) - UMR CNRS 6242\nAvenue Escadrille Normandie Niemen\n13397 Marseille\nFrankreich", "projects_count": 1, "projects": ["Quanten und klassische Lichtquellen in Silizium: Verunreinigungen und komplexe Defekte für die Nanophotonik"], "topic_id": 5, "topic_label": "grk, analysis, modeling", "color": "#47d1d1", "url": "https://gepris.dfg.de/gepris/person/286980699"}}, {"type": "Feature", "geometry": {"type": "Point", "coordinates": [10.684738, 53.866444]}, "properties": {"person_number": "238645507", "person_name": "Dr.-Ing. Hossameldin Abbas", "address": "Universität zu Lübeck\nSektion Informatik / Technik\nInstitut für Medizinische Elektrotechnik\nMoislinger Allee 53-55\n23558 Lübeck", "projects_count": 2, "projects": ["Angewandte Modell-prädiktive Regelung für Nichtlineare/Zeit-veränderliche Systeme unter Verwendung von Linear-Parameter Veränderlicher Modelle", "Linear parameter-variable Regelung - Komplexität von Analyse, Synthese und Implementierung"], "topic_id": 2, "topic_label": "des, analyse, mathematik", "color": "#b5d147", "url": "https://gepris.dfg.de/gepris/person/238645507"}}, {"type": "Feature", "geometry": {"type": "Point", "coordinates": [12.3747329, 51.3406321]}, "properties": {"person_number": "567619524", "person_name": "Dr. Gorkhmaz Abbaszade, Ph.D.", "address": "Helmholtz-Zentrum für Umweltforschung - UFZ\nThemenbereich Nachhaltige Technologien für die Umwelt\nDepartment Umweltmikrobiologie\nPermoserstraße 15\n04318 Leipzig", "projects_count": 1, "projects": ["Analyse der lokalen Struktur und Funktion von bakteriellen Kolonien und Biofilmen auf Einzelzellebene mittels Durchflusszytometrie, Zellsortierung, Multi-omics und Datenwissenschaft - Z-PROJECT"], "topic_id": 2, "topic_label": "des, analyse, mathematik", "color": "#b5d147", "url": "https://gepris.dfg.de/gepris/person/567619524"}}, {"type": "Feature", "geometry": {"type": "Point", "coordinates": [11.5753822, 48.1371079]}, "properties": {"person_number": "16810757", "person_name": "Privatdozent Dr. Klaus Abberger", "address": "ifo Institut - Leibniz-Institut für Wirtschaftsforschung\nan der Universität München e.V.\nPoschingerstraße 5\n81679 München", "projects_count": 1, "projects": ["Modeling mixed-frequency data, business-cycle modeling, and the analysis of financial- and real-sector interactions"], "topic_id": 5, "topic_label": "grk, analysis, modeling", "color": "#47d1d1", "url": "https://gepris.dfg.de/gepris/person/16810757"}}, {"type": "Feature", "geometry": {"type": "Point", "coordinates": [8.6820917, 50.1106444]}, "properties": {"person_number": "519777762", "person_name": "Dr. Avishai Abbo", "address": "Goethe-Universität Frankfurt am Main\nInstitut für Geowissenschaften\nFacheinheit Mineralogie\nAbteilung Petrologie und Geochemie\nAltenhöferallee 1\n60438 Frankfurt am Main", "projects_count": 1, "projects": ["Rückverfolgung der Entstehung und Entwicklung der kontinentalen Kruste im Archaikum-Proterozoikum anhand von In-situ-B-Isotopenanalysen ozeanischer Ablagerungen"], "topic_id": 8, "topic_label": "eines, entwicklung, untersuchungen", "color": "#b547d1", "url": "https://gepris.dfg.de/gepris/person/519777762"}}, {"type": "Feature", "geometry": {"type": "Point", "coordinates": [7.2196635, 51.4818111]}, "properties": {"person_number": "43700641", "person_name": "Professor Dr. Alberto Abbondandolo", "address": "Ruhr-Universität Bochum\nFakultät für Mathematik\nLehrstuhl Analysis (Prof. Abbondandolo)\nUniversitätsstraße 150\n44801 Bochum", "projects_count": 8, "projects": ["Mitteldimensionale Squeezing- und Non-Squeezing-Phänomene Hamiltonscher dynamischer Systeme in endlich- und unendlichdimensionalen Phasenräumen", "Periodische Orbits konservativer Systeme unterhalb des kritischen Energiewerts von Mañé", "MORSE - Theoretische Methoden in Hamiltonscher Dynamik", "Systolische Ungleichungen in der Reeb-Dynamik", "Rabinowitz Floer homology", "Symplektische Kapazitäten von Polytopen", "Analysis of Floer Homology, its Natural Ring Structure and its S1-equivariant version, in Relation with the Free Loop Space and Symplectic Invariants", "Morse theoretische Methoden in Analysis, Dynamik, und Geometrie"], "topic_id": 2, "topic_label": "des, analyse, mathematik", "color": "#b5d147", "url": "https://gepris.dfg.de/gepris/person/43700641"}}, {"type": "Feature", "geometry": {"type": "Point", "coordinates": [9.9351811, 51.5328328]}, "properties": {"person_number": "471074307", "person_name": "Privatdozent Dr. Tammam Abboud", "address": "Georg-August-Universität Göttingen\nUniversitätsmedizin Göttingen\nKlinik für Neurochirurgie\nRobert-Koch-Straße 40\n37075 Göttingen", "projects_count": 1, "projects": ["Neue Methoden zur intraoperativen Untersuchung der elektrischen Eigenschaften des Gehirns"], "topic_id": 9, "topic_label": "fur, untersuchung, methoden", "color": "#d1479a", "url": "https://gepris.dfg.de/gepris/person/471074307"}}, {"type": "Feature", "geometry": {"type": "Point", "coordinates": [8.4034195, 49.0068705]}, "properties": {"person_number": "1358310", "person_name": "Dr. Gudrun Abbt-Braun", "address": "Karlsruher Institut für Technologie (KIT)\nEngler-Bunte-Institut\nLehrstuhl für Wasserchemie und Wassertechnologie\nEngler-Bunte-Ring 9a\n76131 Karlsruhe", "projects_count": 6, "projects": ["Isolierung und Charakterisierung von Bezugssubstanzen im Forschungsschwerpunkt ROSIG", "Untersuchungen geochemischer Umsetzungen im Leckagebereich von Abwasserkanälen: Weitergehende DOC-Charakterisierung, sowie Studien zum Verhalten von Arzneimitteln in der Bodenpassage", "Koordination der Forschungsgruppe 350", "The Impact of Eutrophicaton and Decomposition of Organic Mater and Oriented Treatment on Water Quality", "Einfluss von Störsubstanzen auf die bakterielle Nitrifikation im Abwasser - Untersuchungen mit Hilfe der Fluoreszenz in-situ Hybridisierung (EISBANA)", "Refractory Organic Substances in Capillary Fringes: Dynamics, Gradients and Reactions"], "topic_id": 8, "topic_label": "eines, entwicklung, untersuchungen", "color": "#b547d1", "url": "https://gepris.dfg.de/gepris/person/1358310"}}, {"type": "Feature", "geometry": {"type": "Point", "coordinates": [8.694724, 49.4093582]}, "properties": {"person_number": "316983490", "person_name": "Negar Abdali", "address": "Ruprecht-Karls-Universität Heidelberg\nZentrum für Altertumswissenschaften\nInstitut für Ur- und Frühgeschichte und\nVorderasiatische Archäologie\nSandgasse 7\n69117 Heidelberg", "projects_count": 1, "projects": ["Archäometrische Studie zu glasierten Backsteinen aus dem nordwestlichen Iran des 1. Jahrtausends v. Chr."], "topic_id": 2, "topic_label": "des, analyse, mathematik", "color": "#b5d147", "url": "https://gepris.dfg.de/gepris/person/316983490"}}, {"type": "Feature", "geometry": {"type": "Point", "coordinates": [8.6938161, 50.5808795]}, "properties": {"person_number": "59429943", "person_name": "Dr. Yaser Abdallah", "address": "Justus-Liebig-Universität Gießen\nFachbereich Medizin\nPhysiologisches Institut\nAulweg 129\n35392 Gießen", "projects_count": 2, "projects": ["Identifizierung der zellulären Zielorganellen der Postkonditionierungsprotektion im reperfundierten Myokard", "GRK 1566: Protecting the Heart from Ischemia (PROMISE)"], "topic_id": 5, "topic_label": "grk, analysis, modeling", "color": "#47d1d1", "url": "https://gepris.dfg.de/gepris/person/59429943"}}, {"type": "Feature", "geometry": {"type": "Point", "coordinates": [5.4480536, 43.5164896]}, "properties": {"person_number": "545905469", "person_name": "Professor Redha Abdeddaim, Ph.D.", "address": "Université Aix-Marseille\nInstitut Fresnel - UMR 7249\nAvenue Escadrille Normandie-Niemen\n13397 Marseille Cedex\nFrankreich", "projects_count": 1, "projects": ["Nahfelduntersuchung zur Optimierung der Kommunikation über den menschlichen Körper"], "topic_id": 2, "topic_label": "des, analyse, mathematik", "color": "#b5d147", "url": "https://gepris.dfg.de/gepris/person/545905469"}}, {"type": "Feature", "geometry": {"type": "Point", "coordinates": [35.2584499, 31.7642353]}, "properties": {"person_number": "1951404", "person_name": "Professor Dr. Ziad A. Abdeen", "address": "Al-Quds University\nFaculty of Medicine\nAl-Quds Nutriton and Health Reserach Institute\nDept. of Community Health\nPostfach P.O. Box. 19356\n19356 Abu Dis\nPalästina", "projects_count": 5, "projects": ["Determinants of Cognitive Development in Deprived Environments: Evidence from the West Bank", "Elektrogesponnene Polymervliese als hochfunktionale Substrate für Anwendungen in der Wasserverschmutzung und medizinischen Anwendungen", "TBRF in the Middle East: Prevalence, molecular characterization and pathogenesis", "Molecular evolution of mycobacterial and other relevant zoonotic infectious diseases in early civilizations - Host-pathogen relation and its changes in populations of the Dead Sea Valley and adjacent regions between the pre-domestication Neolithic and the Roman period", "Emergence of Cutaneous Leishmaniasis due to Leishmania tropica and L. major in The Palestinian Authority and Israel"], "topic_id": 9, "topic_label": "fur, untersuchung, methoden", "color": "#d1479a", "url": "https://gepris.dfg.de/gepris/person/1951404"}}, {"type": "Feature", "geometry": {"type": "Point", "coordinates": [8.4673098, 49.4892913]}, "properties": {"person_number": "571157370", "person_name": "Dr. Schaima Abdelhadi", "address": "Medizinische Fakultät Mannheim der Universität Heidelberg\nUniversitätsmedizin Mannheim\nChirurgische Klinik\nTheodor-Kutzer-Ufer 1-3\n68167 Mannheim", "projects_count": 1, "projects": ["PRÄVE-NAT: PRÄVEntion interventionsbedürftiger intraabdomineller Abszesse nach Laparotomie bei akuter Peritonitis durch intraoperative Peritoneal-Spülung mit NATriumhypochlorit/Hypochlorigesäure (NaOCl/HOCl)-Lösung - Eine Pilot-RCT"], "topic_id": 2, "topic_label": "des, analyse, mathematik", "color": "#b5d147", "url": "https://gepris.dfg.de/gepris/person/571157370"}}, {"type": "Feature", "geometry": {"type": "Point", "coordinates": [7.2196635, 51.4818111]}, "properties": {"person_number": "352651978", "person_name": "Dr. Hatem Abdelhalim Amin", "address": "Ruhr-Universität Bochum\nFakultät für Chemie und Biochemie\nAnorganische Chemie I - Lehrstuhl für\nBioanorganische Chemie\nUniversitätsstraße 150\n44801 Bochum", "projects_count": 1, "projects": ["Charakterisierung einzelner Polymer-Nanopartikel via Impact Voltammetrie"], "topic_id": 2, "topic_label": "des, analyse, mathematik", "color": "#b5d147", "url": "https://gepris.dfg.de/gepris/person/352651978"}}, {"type": "Feature", "geometry": {"type": "Point", "coordinates": [2.1684529, 48.76464]}, "properties": {"person_number": "239299839", "person_name": "Professor Mohammed Abdellaoui, Ph.D.", "address": "HEC Paris\n1, rue de la Libération\n78350 Jouy-en-Josas\nFrankreich", "projects_count": 1, "projects": ["Risikopräferenzen und ökonomisches Verhalten: Experimentelle Untersuchung im Feld"], "topic_id": 9, "topic_label": "fur, untersuchung, methoden", "color": "#d1479a", "url": "https://gepris.dfg.de/gepris/person/239299839"}}, {"type": "Feature", "geometry": {"type": "Point", "coordinates": [13.3951309, 52.5173885]}, "properties": {"person_number": "1858993", "person_name": "Dr. Mohatmed Abdel-latief", "address": "Freie Universität Berlin\nInstitut für Biologie\nAngewandte Zoologie / Ökologie der Tiere\nHaderslebener Straße 9\n12163 Berlin", "projects_count": 1, "projects": ["Immunantwort von Inseteneiern auf Parasitierung"], "topic_id": 2, "topic_label": "des, analyse, mathematik", "color": "#b5d147", "url": "https://gepris.dfg.de/gepris/person/1858993"}}, {"type": "Feature", "geometry": {"type": "Point", "coordinates": [12.1400211, 54.0886707]}, "properties": {"person_number": "447251927", "person_name": "Privatdozent Ali Abdel-Mageed, Ph.D.", "address": "Leibniz-Institut für Katalyse e. V. an der Universität Rostock (LIKAT)\nBereich Heterogen-katalytische Verfahren\nAG Oberflächenchemie in der angewandten Katalyse\nAlbert-Einstein-Straße 29a\n18059 Rostock", "projects_count": 1, "projects": ["Struktur-Reaktivitäts-Beziehungen in MoO3-basierten Katalysatoren für die Hydro-deoxygenierung von Lignin-Pyrolyseprodukten"], "topic_id": 9, "topic_label": "fur, untersuchung, methoden", "color": "#d1479a", "url": "https://gepris.dfg.de/gepris/person/447251927"}}, {"type": "Feature", "geometry": {"type": "Point", "coordinates": [10.000654, 53.550341]}, "properties": {"person_number": "1605943", "person_name": "Professor Dr.-Ing. Moustafa Abdel-Maksoud", "address": "Technische Universität Hamburg\nInstitut für Fluiddynamik und Schiffstheorie\nSchwarzenbergstraße 95 c\n21073 Hamburg", "projects_count": 6, "projects": ["Simulation von Kaviationseffekten in Wirbelströmungen", "Ein Verfahren zur Optimierung von aus Mehrkomponenten bestehenden Schiffsantrieben", "Entwicklung von numerischen Methoden zur Auflösung konzentrierter Wirbelstrukturen", "Minimierung unerwünschter Wellenreflexionen an den Gebietsrändern in Strömungssimulationen mit freier Oberfläche basierend auf den Navier-Stokes Gleichungen", "Hydro-elastische Simulation der Akustik von Schiff-Propeller-Konfigurationen mit und ohne Kavitation", "GRK 1096: Seehäfen für Containerschiffe zukünftiger Generationen: Interaktion von Schiff, Fluid, Struktur und Boden"], "topic_id": 7, "topic_label": "simulation, verfahren, entwicklung", "color": "#6247d1", "url": "https://gepris.dfg.de/gepris/person/1605943"}}, {"type": "Feature", "geometry": {"type": "Point", "coordinates": [6.959974, 50.938361]}, "properties": {"person_number": "1551640", "person_name": "Professor Dr. Mohsen Abd-Elmeguid", "address": "Universität zu Köln\nDepartment Physik\nInstitut für Experimentalphysik\nZülpicher Straße 77\n50937 Köln", "projects_count": 2, "projects": ["Hochdruckuntersuchungen", "Elektrischer und thermischer Transport in komplexen Übergangsmetallverbindungen"], "topic_id": 6, "topic_label": "komplexen, transport, kreisschwimmer", "color": "#477ed1", "url": "https://gepris.dfg.de/gepris/person/1551640"}}, {"type": "Feature", "geometry": {"type": "Point", "coordinates": [8.4003114, 49.088332]}, "properties": {"person_number": "261056551", "person_name": "Ahmed Abdelmonem, Ph.D.", "address": "Karlsruher Institut für Technologie (KIT)\nInstitut für Meteorologie und Klimaforschung\nAtmosphärische Aerosolforschung (AAF)\nHermann-von-Helmholtz-Platz 1\n76344 Eggenstein-Leopoldshafen", "projects_count": 2, "projects": ["Direkte Beobachtung von Elementarprozessen bei der heterogenen Eis- Nukleation durch nichtlineare optische Spektroskopie: Die Rolle von Hydroxyl-Gruppen an den Oberflächen von mineralischen Aerosolpartikeln", "Atmosphärische Photochemie auf molekularer Ebene durch nichtlineare optische Spektroskopie"], "topic_id": 2, "topic_label": "des, analyse, mathematik", "color": "#b5d147", "url": "https://gepris.dfg.de/gepris/person/261056551"}}, {"type": "Feature", "geometry": {"type": "Point", "coordinates": [13.3951309, 52.5173885]}, "properties": {"person_number": "1853645", "person_name": "Professorin Dr. Rasha Abdel Rahman", "address": "Humboldt-Universität zu Berlin\nLebenswissenschaftliche Fakultät\nInstitut für Psychologie\nRudower Chaussee 18\n12489 Berlin", "projects_count": 9, "projects": ["Die Neurokognition sozial-emotionaler (Fehl)Information", "Eine komputationelle Implementierung des \"Swinging Lexical Network\"-Modells der Sprachproduktion", "Semantische Expertise in der Gesichtererkennung und Sprachproduktion: Vergleichende kognitionspsychologische und neurowissenschaftliche Untersuchungen", "Semantische Einflussgrößen zwischen visueller Wahrnehmung, Gedächtnisabruf und Sprachproduktion: Neurowissenschaftliche Untersuchungen", "Dynamik und Flexibilität des Sprachproduktionssystems", "Einsicht: Neurowissenschaftliche Untersuchungen des Einflusses von Wissen auf Wahrnehmung und Bewusstsein", "Sprachproduktion bei geteilter Handlungsrepräsentation", "EXC 2002: Science of Intelligence (SCIoI)", "Einfluss von Lebensalter und Sprachkompetenz auf die Verarbeitung morphologisch komplexer Wörter"], "topic_id": 4, "topic_label": "semantische, des, basierend benutzerinteraktionsprotokollen", "color": "#47d17e", "url": "https://gepris.dfg.de/gepris/person/1853645"}}, {"type": "Feature", "geometry": {"type": "Point", "coordinates": [12.3747329, 51.3406321]}, "properties": {"person_number": "346247900", "person_name": "Dr. Ahmed Abd El Wahed", "address": "Universität Leipzig\nVeterinärmedizinische Fakultät\nInstitut für Tierhygiene und Öffentliches Veterinärwesen\nAn den Tierkliniken 1\n04103 Leipzig", "projects_count": 1, "projects": ["Molekulare Evolution von Mycobacterium avium subsp. paratuberculosis in Afrika"], "topic_id": 2, "topic_label": "des, analyse, mathematik", "color": "#b5d147", "url": "https://gepris.dfg.de/gepris/person/346247900"}}, {"type": "Feature", "geometry": {"type": "Point", "coordinates": [13.3815238, 54.095791]}, "properties": {"person_number": "241473847", "person_name": "Privatdozent Dr. El-Sayed Mohammed Abd El-Whab", "address": "Friedrich-Loeffler-Institut\nBundesforschungsinstitut für Tiergesundheit\nInstitut für molekulare Virologie und Zellbiologie (IMVZ)\nSüdufer 10\n17493 Greifswald", "projects_count": 3, "projects": ["Die Rolle der adaptiven Immunität bei der Virulenz, Pathogenese und dem Schutz vor aviären Influenzaviren", "Pathogenese aviärer H7N1 und H7N7 Influenzaviren im Geflügel: Virulenzdeterminanten, Adaptation und Virus-Wirt-Interaktionen von gering und hoch pathogenen Viren", "Bestimmung von Virulenzdeterminanten von hoch pathogenen Nicht-H5/Nicht-H7 aviären Influenzaviren"], "topic_id": 2, "topic_label": "des, analyse, mathematik", "color": "#b5d147", "url": "https://gepris.dfg.de/gepris/person/241473847"}}, {"type": "Feature", "geometry": {"type": "Point", "coordinates": [52.5378041, 29.6060218]}, "properties": {"person_number": "424130763", "person_name": "Professor Dr. Kamyar Abdi", "address": "Shiraz University\nGhasro Dasht Street\nShiraz\nIran", "projects_count": 1, "projects": ["Ein neues elamisches Archiv von Goshtaspi: Verwaltung der Subsistenzwirtschaft im späten mittelelamischen Reich (um 1100 v.Chr.)"], "topic_id": 2, "topic_label": "des, analyse, mathematik", "color": "#b5d147", "url": "https://gepris.dfg.de/gepris/person/424130763"}}, {"type": "Feature", "geometry": {"type": "Point", "coordinates": [6.7763137, 51.2254018]}, "properties": {"person_number": "556118334", "person_name": "Dr. Iman Abdoli, Ph.D.", "address": "Heinrich-Heine-Universität Düsseldorf\nInstitut für Theoretische Physik II - Soft Matter\nUniversitätsstraße 1\n40225 Düsseldorf", "projects_count": 1, "projects": ["Kreisschwimmer in komplexen Umgebungen"], "topic_id": 6, "topic_label": "komplexen, transport, kreisschwimmer", "color": "#477ed1", "url": "https://gepris.dfg.de/gepris/person/556118334"}}, {"type": "Feature", "geometry": {"type": "Point", "coordinates": [8.694724, 49.4093582]}, "properties": {"person_number": "22094415", "person_name": "Professor Amir Abdollahi, Ph.D.", "address": "Universitätsklinikum Heidelberg\nKlinik für RadioOnkologie und Strahlentherapie\n(Czerny-Klinik)\nIm Neuenheimer Feld 400\n69120 Heidelberg", "projects_count": 5, "projects": ["The Role of Tumor-Vessel Interface in Multimodal Cancer Therapy", "Biomarker der Schwerionentherapie", "Biologisch Individualisierte Schwerionentherapie des Lungenkarzinoms", "Integrative Analyse der molekularen und zellulären Mechanismen bei Therapieversagen und Entstehung von Tumorrezidiven bei Kopf-Halstumoren nach operativer Tumorresektion", "Überwindung der Radioresistenz von Glioblastomen durch Partikeltherapie"], "topic_id": 5, "topic_label": "grk, analysis, modeling", "color": "#47d1d1", "url": "https://gepris.dfg.de/gepris/person/22094415"}}, {"type": "Feature", "geometry": {"type": "Point", "coordinates": [2.3455085, 48.8473977]}, "properties": {"person_number": "781172", "person_name": "Professor Joseph Abdou", "address": "Université Paris 1 Panthéon-Sorbonne\nParis\nFrankreich", "projects_count": 1, "projects": ["GRK 1134: Ökonomisches Verhalten und Interaktionsmodelle"], "topic_id": 3, "topic_label": "grk, sozialer, verhalten", "color": "#62d147", "url": "https://gepris.dfg.de/gepris/person/781172"}}, {"type": "Feature", "geometry": {"type": "Point", "coordinates": [9.1800132, 48.7784485]}, "properties": {"person_number": "72886103", "person_name": "Dr. Marwan Abdou Ahmed", "address": "Universität Stuttgart\nInstitut für Strahlwerkzeuge (IFSW)\nPfaffenwaldring 43\n70569 Stuttgart", "projects_count": 3, "projects": ["Vertikal oberflächenemittierender Laser mit externem Resonator basierend auf einem neuartigen GaInP/AlGaInP-Gitterwellenleiter für einen effizienten Hochleistungsbetrieb", "Mikroexplosions-basierte Materialumwandlungen von Silizium und neuartige 3D Fertigungstechnologien mit Raman-konvertierten Kilowatt-Ultrakurzpulslasern", "Herstellung von laseraktiven Sesquioxiden (Yb:Lu2O3 und Yb:LuScO3) und deren Anwendung in Hochleistungs-Ultrakurzpuls-Scheibenlasern (LuThER)"], "topic_id": 8, "topic_label": "eines, entwicklung, untersuchungen", "color": "#b547d1", "url": "https://gepris.dfg.de/gepris/person/72886103"}}, {"type": "Feature", "geometry": {"type": "Point", "coordinates": [2.4252507, 6.3676953]}, "properties": {"person_number": "162817786", "person_name": "Gailou Abdoulaye", "address": "Université d'Abomey Calavi\nFaculté des Sciences Agronomiques\nDépartement d'Economie de Sociologie d'Anthropologie et de Communication\nPostfach BP 526\nCotonou\nBenin", "projects_count": 1, "projects": ["Kindspflegschaften im Kontext ethnischer Heterogenität (Borgu/Republik Benin)"], "topic_id": 2, "topic_label": "des, analyse, mathematik", "color": "#b5d147", "url": "https://gepris.dfg.de/gepris/person/162817786"}}, {"type": "Feature", "geometry": {"type": "Point", "coordinates": [69.5883282, 42.3146962]}, "properties": {"person_number": "1954510", "person_name": "Professor Dr. S. Abdraimov", "address": "Academy of the Ministry of Education\nand Sciences Rep. Kazakhstan (aufgelöst)\nShimkent\nKasachstan", "projects_count": 1, "projects": ["Entwicklung von Methoden zur Rehabilitierung von den Auwäldern entlang der Flüsse und in den Deltas der Aralsee-Niederung"], "topic_id": 9, "topic_label": "fur, untersuchung, methoden", "color": "#d1479a", "url": "https://gepris.dfg.de/gepris/person/1954510"}}, {"type": "Feature", "geometry": {"type": "Point", "coordinates": [10.135555, 54.3227085]}, "properties": {"person_number": "1868998", "person_name": "Professor Dr. Awudu Abdulai", "address": "Christian-Albrechts-Universität zu Kiel\nInstitut für Ernährungswirtschaft und Verbrauchslehre\nAbteilung Ernährungsökonomie\nJohanna-Mestorf-Straße 5\n24118 Kiel", "projects_count": 3, "projects": ["Driving Forces of Rural Poverty and Distributional Change in Sub-Saharian Africa: The Cases of Burkina Faso, Ghana and Uganda", "Land rights, Social capital and investments in sustainable management practices and productivity enhancing inputs in Ghana", "Nachfragepräferenzen für Ernteausfallversicherungsprogramme von Kakao-Kleinbauern in Ghana"], "topic_id": 9, "topic_label": "fur, untersuchung, methoden", "color": "#d1479a", "url": "https://gepris.dfg.de/gepris/person/1868998"}}, {"type": "Feature", "geometry": {"type": "Point", "coordinates": [9.9351811, 51.5328328]}, "properties": {"person_number": "422530151", "person_name": "Dr. Issaka Abdulai", "address": "Georg-August-Universität Göttingen\nDepartment für Nutzpflanzenwissenschaften\nAbteilung Tropischer Pflanzenbau und Agrosystem Modellierung\nGrisebachstraße 6\n37077 Göttingen", "projects_count": 1, "projects": ["Vertiefung des Verständnisses der Wassernutzungsdynamik und Dürrebeständigkeit in der Kakao-Agrarforstwirtschaft durch Verbesserung der Vorhersage von Schattenbaumeffekten"], "topic_id": 2, "topic_label": "des, analyse, mathematik", "color": "#b5d147", "url": "https://gepris.dfg.de/gepris/person/422530151"}}, {"type": "Feature", "geometry": {"type": "Point", "coordinates": [-93.2463486, 44.9719278]}, "properties": {"person_number": "1713265", "person_name": "Dr. Ahed Abdulkhaliq", "address": "NGO \"Agricultural Engineers Home Society\" (aufgelöst)\nWest Bank\nPalästina", "projects_count": 2, "projects": ["Improving lamb meat and milk production for fat-tail sheep of the Middle East through breeding", "Improving meat and milk production of fat-tail sheep of the Middle East through breeding"], "topic_id": 2, "topic_label": "des, analyse, mathematik", "color": "#b5d147", "url": "https://gepris.dfg.de/gepris/person/1713265"}}, {"type": "Feature", "geometry": {"type": "Point", "coordinates": [13.3815238, 54.095791]}, "properties": {"person_number": "548289192", "person_name": "Ruba Al Abdulla, Ph.D.", "address": "Universitätsmedizin Greifswald\nInstitut für Medizinische Biochemie und Molekularbiologie\nFerdinand-Sauerbruch-Straße DZ 7\n17489 Greifswald", "projects_count": 1, "projects": ["Entschlüsselung der Verbindung von proteostatischer Kontrolle durch das Ubiquitin-Proteasom-System und der Ferroptose in Lymphozyten"], "topic_id": 2, "topic_label": "des, analyse, mathematik", "color": "#b5d147", "url": "https://gepris.dfg.de/gepris/person/548289192"}}, {"type": "Feature", "geometry": {"type": "Point", "coordinates": [39.2803583, -6.8160837]}, "properties": {"person_number": "114564817", "person_name": "Salim Abdulla, Ph.D.", "address": "Ifakara Health Research & Development Centre (IHRDC)\nP.O. Box 78373\nDar es Salaam\nTansania", "projects_count": 2, "projects": ["Infection Biology and Epidemiology of Staphylococci and Staphylococcal Diseases in South and Central Afrika", "Infection Biology and Epidemiology of Staphylococci and Staphylococcal Diseases in sub-Saharan Africa"], "topic_id": 2, "topic_label": "des, analyse, mathematik", "color": "#b5d147", "url": "https://gepris.dfg.de/gepris/person/114564817"}}, {"type": "Feature", "geometry": {"type": "Point", "coordinates": [6.3611015, 50.9220931]}, "properties": {"person_number": "1787822", "person_name": "Sadrilla Abdullaev", "address": "Forschungszentrum Jülich GmbH\nInstitute of Fusion Energy and Nuclear Waste Management (IFN)\nPlasmaphysik (IFN-1)\n52425 Jülich", "projects_count": 1, "projects": ["Stochastische Magnetfelder mit Struktur: Universelles Verhalten beim chaotischen Transport"], "topic_id": 6, "topic_label": "komplexen, transport, kreisschwimmer", "color": "#477ed1", "url": "https://gepris.dfg.de/gepris/person/1787822"}}, {"type": "Feature", "geometry": {"type": "Point", "coordinates": [7.1024635, 50.7352621]}, "properties": {"person_number": "272759979", "person_name": "Professorin Dr. Zeinab Abdullah", "address": "Rheinische Friedrich-Wilhelms-Universität Bonn\nMedizinische Fakultät\nInstitut für Experimentelle Immunologie\nVenusberg Campus 1\n53127 Bonn", "projects_count": 5, "projects": ["EXC 2151: ImmunoSensation2 - the immune sensory system", "GRK 2168: Myeloide antigenpräsentierende Zellen und Induktion adaptiver Immunität", "Erkennung von Nukleinsäuren in der Pathophysiologie der Glomerulonephritis im Zusammenhang mit einer chronischen Virusinfektion", "Auswirkungen der Metflammation auf die Funktion der Lebermakrophagen bei der Geweberegeneration", "Der Einfluß einer chronischen IFN-Wirkung auf anti-virale Immunantworten im Kontext einer Leberfibrose"], "topic_id": 5, "topic_label": "grk, analysis, modeling", "color": "#47d1d1", "url": "https://gepris.dfg.de/gepris/person/272759979"}}, {"type": "Feature", "geometry": {"type": "Point", "coordinates": [11.2523969, 48.0739105]}, "properties": {"person_number": "449804797", "person_name": "Dr. Sahra Abdullahi", "address": "Deutsches Zentrum für Luft- und Raumfahrt (DLR)\nDeutsches Fernerkundungsdatenzentrum (DFD)\nAbteilung Dynamik der Landoberfläche\nMünchener Straße 20\n82234 Weßling", "projects_count": 1, "projects": ["Schätzung und Korrektur der eindringinduzierten Höhenabweichung in interferometrischen X-Band SAR Höhenmodellen zur Detektion von Höhen- und Massenänderungen des grönländischen Eisschildes"], "topic_id": 2, "topic_label": "des, analyse, mathematik", "color": "#b5d147", "url": "https://gepris.dfg.de/gepris/person/449804797"}}, {"type": "Feature", "geometry": {"type": "Point", "coordinates": [10.000654, 53.550341]}, "properties": {"person_number": "503704774", "person_name": "Raschid Abedin", "address": "Universität Hamburg\nFakultät für Mathematik, Informatik und Naturwissenschaften\nDekanat der Fakultät für Mathematik, Informatik und Naturwissenschaften\nWelckerstraße 8\n20354 Hamburg", "projects_count": 1, "projects": ["Algebro-geometrische Methoden in der Theorie von Yang-Baxter Gleichungen"], "topic_id": 9, "topic_label": "fur, untersuchung, methoden", "color": "#d1479a", "url": "https://gepris.dfg.de/gepris/person/503704774"}}, {"type": "Feature", "geometry": {"type": "Point", "coordinates": [6.759562, 51.434999]}, "properties": {"person_number": "409549768", "person_name": "Morteza Abedini, Ph.D.", "address": "Universität Duisburg-Essen\nFakultät für Ingenieurwissenschaften\nInstitut für Produkt Engineering\nLehrstuhl für Werkstofftechnik\nLotharstraße 1\n47057 Duisburg", "projects_count": 1, "projects": ["Entwicklung von Methoden zur In-situ- und Echtzeitmessung von durch Kavitation induzierten Oberflächenschäden unter Verwendung elektrochemischer Techniken"], "topic_id": 9, "topic_label": "fur, untersuchung, methoden", "color": "#d1479a", "url": "https://gepris.dfg.de/gepris/person/409549768"}}, {"type": "Feature", "geometry": {"type": "Point", "coordinates": [13.3951309, 52.5173885]}, "properties": {"person_number": "315904738", "person_name": "Professor Dr. Ziawasch Abedjan", "address": "Technische Universität Berlin\nFakultät IV - Elektrotechnik und Informatik\nData Integration and Data Preparation (D2IP)\nErnst-Reuter-Platz 7\n10587 Berlin", "projects_count": 2, "projects": ["TDC 2- Entwickeln von Lenkbaren Datenreinigungsabläufen", "NFDI4DS - NFDI für Datenwissenschaften und Künstliche Intelligenz"], "topic_id": 9, "topic_label": "fur, untersuchung, methoden", "color": "#d1479a", "url": "https://gepris.dfg.de/gepris/person/315904738"}}, {"type": "Feature", "geometry": {"type": "Point", "coordinates": [6.959974, 50.938361]}, "properties": {"person_number": "492492884", "person_name": "Nima Abedpour, Ph.D.", "address": "Universitätsklinikum Köln\nDepartment of Translational Genomics\nWeyertal 115b\n50931 Köln", "projects_count": 2, "projects": ["Tumorprogression und Therapieresistenz in Kopf-Hals-Plattenepithelkarzinomen", "Bioinformatik und Datenmanagement"], "topic_id": 2, "topic_label": "des, analyse, mathematik", "color": "#b5d147", "url": "https://gepris.dfg.de/gepris/person/492492884"}}, {"type": "Feature", "geometry": {"type": "Point", "coordinates": [-48.4682453, -1.45056]}, "properties": {"person_number": "18059508", "person_name": "Professor Dr. Alfred Abed-Rabbo", "address": "Bethlehem University\nWater and Soil Environmental Research Unit (WSERU)\nPostfach P.0. Box 9,\nBethlehem\nPalästina", "projects_count": 1, "projects": ["Microbial predators for biocontrol of bacterial pathogens in wastewater"], "topic_id": 2, "topic_label": "des, analyse, mathematik", "color": "#b5d147", "url": "https://gepris.dfg.de/gepris/person/18059508"}}, {"type": "Feature", "geometry": {"type": "Point", "coordinates": [8.6820917, 50.1106444]}, "properties": {"person_number": "1456191", "person_name": "Dr. Annette Abel", "address": "Goethe-Universität Frankfurt am Main\nUniversitätsklinikum\nKlinik für Psychiatrie, Psychosomatik und Psychotherapie\nHeinrich-Hoffmann-Straße 10\n60528 Frankfurt am Main", "projects_count": 1, "projects": ["Die Identifizierung und Charakterisierung des Krankheitsgens für die autosomal dominant vererbte Spastische Paraplegie mit Kopplung zu Chromosom 14q (SPG3)"], "topic_id": 4, "topic_label": "semantische, des, basierend benutzerinteraktionsprotokollen", "color": "#47d17e", "url": "https://gepris.dfg.de/gepris/person/1456191"}}, {"type": "Feature", "geometry": {"type": "Point", "coordinates": [12.3747329, 51.3406321]}, "properties": {"person_number": "987537", "person_name": "Professor Dr. Bernd Abel", "address": "Universität Leipzig\nInstitut für Technische Chemie\nLinnéstraße 3-4\n04103 Leipzig", "projects_count": 22, "projects": ["EISWELTEN: Eisteilchenbeschleuniger mit hochauflösenden Massendetektoren zur Erforschung chemischer Zusammensetzungen und Biosignaturen von Wasserwelten im Weltraum", "Investigation of transient structures of photo-induced chemical reactions in solution with ultrafast XUV-photoelectron spectroscopy", "Laboratory experiments for the interpretation of mass spectra from water ice particles measured in-situ onboard Cassini and future space missions", "Zeitaufgelöste Untersuchung der Kinetik, Intermediate und Mechanismen der Reaktionen zwischen Nanomaterialien und reaktiven Spezies", "Dynamik und Spektroskopie chemischer Reaktionen an der Oberfläche von Wasser und Lösungen (SDynG-LI)", "Ultraschnelle Beobachtung und Synthesekontrolle der elektronischen Eigenschaften von selbst-assemblierten Koordinationsverbindungen als Fluoreszenz-Sonden für sensorische und bildgebende Anwendungen", "Untersuchung von Mechanismen organischer Reaktionen in komplexen Umgebungen und begrenzten mikroskopischen Volumina wie Tröpfchen und dünnen Filmen mittels Laserdesorptions- und Ionenmobilitäts-Massenspektrometrie", "Anwendung der Inversen Gaschromatographie (IGC) zur Charakterisierung der inneren Oberfläche von funktionalisierten porösen Gläsern und Zeolith-Katalysatoren", "Laborexperimente zur Aufklärung von Daten aus vergangenen und zukünftigen Raumfahrt-Missionen mit Hilfe hochausgelöster Massenspektrometrie", "Hochleistungs-fs-Lasersystem für die Erzeugung von XUV-Strahlung", "GRK 2721: Wasserstoff-Isotope 1,2,3H", "GSC 185: Leipziger Schule der Naturwissenschaften - Bauen mit Molekülen und Nanoobjekten (BuildMoNa)", "Entwicklung und Charakterisierung von selbstorganisierten Containermolekülen für die dynamische Triplett-Kernpolarisation", "Zustandsaufgelöste Messungen der Dynamik kleiner Moleküle mit Ultrakurzzeit-Doppelresonanzspektroskopie", "Konkurrenz inter- und unimolekularer Prozesse hochangeregter Moleküle", "Photodissoziation in verschiedenen Clusterumgebungen", "Kinetik und Mechanismen der Aggregation von Amyloid Proteinen", "Massenspektroskopische Abbildungen auf der Nanometerskala", "Aggregation und Selbstorganisation von Amyloid-Systemen und funktionalisierten Peptiden nahe Interfaces und Oberflächen zur Aufklärung von Mechanismen und Entwicklung funktionaler Materialien", "In-situ-Analyse von Eispartikeln im Sonnensystem: Anwendungen, Methoden, Instrumentenentwicklung", "Synergistische Photokatalyse mit kurzlebigen Intermediaten in mikrofluidischen Systemen", "Nachweis und quantitative Bestimmung der Effizienz von Intermolekularen Coulomb-Zerfällen in Wasser-Clustern, flüssigem Wasser und Eis"], "topic_id": 9, "topic_label": "fur, untersuchung, methoden", "color": "#d1479a", "url": "https://gepris.dfg.de/gepris/person/987537"}}, {"type": "Feature", "geometry": {"type": "Point", "coordinates": [6.083862, 50.776351]}, "properties": {"person_number": "987541", "person_name": "Professor Dr.-Ing. Dirk Abel", "address": "Rheinisch-Westfälische Technische Hochschule Aachen\nFakultät für Maschinenwesen\nInstitut für Regelungstechnik (IRT)\nCampus-Boulevard 30\n52074 Aachen", "projects_count": 29, "projects": ["Durchgängiger Entwurf diskreter Steuerungsprogramme mit Unterstützung durch formale Methoden", "Intelligentes, integriertes Einzelrad-Antriebs-Brems-Modul für Schienenfahrzeuge (EABM) Integration regelungstechnischer Funktionen", "Objektorientierte Modellierung der Kreislauf-Physiologie (PhysioMod)", "Regelung von Fahrzeugkolonnen mit topologisch veränderlichem Kommunikationsnetzwerk auf der Basis von Energiemethoden", "Neues interaktives Entwurfsverfahren für robuste PID-Regelungen von linearen Strecken mit Unsicherheiten der Totzeit und der Parameter", "Entwicklung von neuartigen Online-Verfahren zur optimalen Steuerung hybrider Antriebssysteme", "Individualisierte Modellierung der Herz-Kreislauf-Physiologie bei Rechts-Herz-Insuffizienz (PathoMod)", "Reglung eines bedarfsorientierten, lastoptimierten linksventrikulären Assist-Systems zur Etablierung einer zielgerichteten Entwöhnungsstrategie im Sinne eines \"bridge to recovery\" (BeLa-VAD)", "Regelung zur Reduktion des Reibungswiderstands in subsonischer Strömung", "Präzise Rendezvous-Steuerung hochheterogener Luft- und Bodenfahrzeugsysteme", "Verbesserung der Dicken- und Breitentoleranz metallischer Bänder durch piezoelektrisch unterstützte Walzspaltregelung eines Tandemwalzwerks", "Multiskalenregelung des Niedertemperatur-Brennverfahrens GCAI", "SFB 686: Modellbasierte Regelung der homogenisierten Niedertemperatur-Verbrennung", "EXC 2023: Internet of Production (IoP)", "GRK 1298: Algorithmische Synthese reaktiver und diskret-kontinuierlicher Systeme (AlgoSyn)", "EXC 128: Integrative Produktionstechnik für Hochlohnländer", "GRK 1856: Integrierte Energieversorgungsmodule für straßengebundene Elektromobilität", "Prozeßtechnische Grundlagen und Systeme zur autonomen Laserbearbeitung", "Thixoschmieden, Thixostrangpressen", "Einschweißtiefenregelung für das Schweißen mit Laserstrahlung", "Nichtlineare modellbasierte Regelung für Verbrennungsprozesse", "Modellbasierte Mehrgrößenregelung von Verbrennungsmotoren", "Prozessführung und Stabilisierung hochdynamischer Verbrennungsvorgänge in Brennkammern in einem erweiterten Arbeitsbereich", "Zentrale Aufgaben des Sonderforschungsbereichs", "Modellbasierte prädiktive Kraftregelung für das mehrachsige Schruppfräsen", "Datenbasierte nichtlineare Modellierung und Regelung von Bauwerken", "ProcessModelling - Prozessorientiertes Reifungsmodell der biohybriden Herzklappe im Bioreaktor", "Phasenübergreifende Prozessführungskonzepte beim Spritzgießen unter Nutzung moderner Regelungsstrategien", "Regelung der Oberflächeneigenschaften kaltgewalzter Halbzeuge durch Entwicklung eines neuartigen Regelungskonzepts basierend auf Online-Rauheitsmessungen der Bandoberfläche"], "topic_id": 8, "topic_label": "eines, entwicklung, untersuchungen", "color": "#b547d1", "url": "https://gepris.dfg.de/gepris/person/987541"}}, {"type": "Feature", "geometry": {"type": "Point", "coordinates": [13.3951309, 52.5173885]}, "properties": {"person_number": "987509", "person_name": "Professor Dr. Günter Abel", "address": "Technische Universität Berlin\nInstitut für Philosophie, Literatur-, Wissenschafts- und Technikgeschichte\nStraße des 17. Juni 135\n10623 Berlin", "projects_count": 1, "projects": ["Karl Wilhelm Ferdinand Solger: Ausgewählte Werke mit biographischer Einleitung, erläuternden Erklärungen und wissenschaftlichem Kommentar"], "topic_id": 2, "topic_label": "des, analyse, mathematik", "color": "#b5d147", "url": "https://gepris.dfg.de/gepris/person/987509"}}, {"type": "Feature", "geometry": {"type": "Point", "coordinates": [9.9351811, 51.5328328]}, "properties": {"person_number": "987493", "person_name": "Professor Dr. Hansjörg Abel", "address": "Georg-August-Universität Göttingen\nDepartment Nutztierwissenschaften\nTierernährungsphysiologie\nLehrstuhl für Tierernährungslehre\nKellnerweg 6\n37077 Göttingen", "projects_count": 3, "projects": ["Biotinumsetzung im Verdauungstrakt von Wiederkäuern", "Einflüsse von Nicht-Stärke.Polysacchariden (NSP) des Futters auf die Auswirkungen von experimentellen Ascaridia galli und Heterakis gallinarum Infektionen beim Haushuhn (Gallus gallus domesticus)", "Untersuchungen zum ruminalen Umsatz und zur Versorgung von Milchkühen mit B-Vitaminen"], "topic_id": 8, "topic_label": "eines, entwicklung, untersuchungen", "color": "#b547d1", "url": "https://gepris.dfg.de/gepris/person/987493"}}, {"type": "Feature", "geometry": {"type": "Point", "coordinates": [6.7763137, 51.2254018]}, "properties": {"person_number": "987507", "person_name": "Professor Dr. Josef Abel", "address": "Leibniz-Institut für umweltmedizinische Forschung\nan der Heinrich-Heine-Universität Düsseldorf\nArbeitsbereich Molekulare Toxikologie (aufgelöst)\nAuf'm Hennekamp 50\n40225 Düsseldorf", "projects_count": 7, "projects": ["Regulatory Protein T-Lymphocyte-1 (rpt-1): toxikologische Bedeutung und Regulation durch Fremdstoffe", "GRK 738: Molecular Mechanisms in Food Toxicology", "GRK 1427: Nahrungsinhaltsstoffe als Signalgeber nukleärer Rezeptoren im Darm", "Interaktion von Cytokinen und Wachstumsfaktoren mit dem fremdstoffmetabolisierenden Enzymsystem", "Modulation der Prostaglandin H Synthase-2 Expression durch Fremdstoffe: Bedeutung für die tumorpromovierende Wirkung von TXDD", "Die Rolle des AhR-Signalweges in der UVB-induzierten Signaltransduktion", "Die Bedeutung des AhR-Signalweges bei der UV-induzierten Hautalterung"], "topic_id": 5, "topic_label": "grk, analysis, modeling", "color": "#47d1d1", "url": "https://gepris.dfg.de/gepris/person/987507"}}, {"type": "Feature", "geometry": {"type": "Point", "coordinates": [12.3747329, 51.3406321]}, "properties": {"person_number": "504849264", "person_name": "Dr. Ken Luca Abel", "address": "Universität Leipzig\nInstitut für Technische Chemie\nLinnéstraße 3-4\n04103 Leipzig", "projects_count": 1, "projects": ["Selektive C1-Verlängerung von Methanol und Ethanol mit H2 und CO2 in der Gasphase durch Anpassung von aktiven Zentren immobilisiert in metallorganischen Gerüstverbindungen vom UiO-66-Typ"], "topic_id": 9, "topic_label": "fur, untersuchung, methoden", "color": "#d1479a", "url": "https://gepris.dfg.de/gepris/person/504849264"}}, {"type": "Feature", "geometry": {"type": "Point", "coordinates": [11.077298, 49.453872]}, "properties": {"person_number": "255988531", "person_name": "Professorin Dr. Magdalena Abel", "address": "Technische Universität Nürnberg\nDepartment Liberal Arts and Social Sciences\nProfessur für Kognitive Psychologie\nDr.-Luise-Herzberg-Straße 4\n90461 Nürnberg", "projects_count": 2, "projects": ["Wie gemeinsames Erinnern das Gedächtnis beeinflusst", "Gerichtetes Vergessen nach kurzen und langen Behaltensintervallen: Ein Test nichtinhibitorischer Erklärungsmodelle"], "topic_id": 2, "topic_label": "des, analyse, mathematik", "color": "#b5d147", "url": "https://gepris.dfg.de/gepris/person/255988531"}}, {"type": "Feature", "geometry": {"type": "Point", "coordinates": [13.0591397, 52.4009309]}, "properties": {"person_number": "1775167", "person_name": "Privatdozent Dr. Markus Abel", "address": "Universität Potsdam\nInstitut für Physik und Astronomie\nKarl-Liebknecht-Straße 24-25\n14476 Potsdam", "projects_count": 2, "projects": ["Entwicklung eines Wandmodells für die Large-Eddy Simulation auf der Basis nichtlinearer DNS-Datenanalyse", "Patterns in chaotically mixing fluid flows"], "topic_id": 8, "topic_label": "eines, entwicklung, untersuchungen", "color": "#b547d1", "url": "https://gepris.dfg.de/gepris/person/1775167"}}, {"type": "Feature", "geometry": {"type": "Point", "coordinates": [6.083862, 50.776351]}, "properties": {"person_number": "1859634", "person_name": "Privatdozentin Dr. Stefanie Abel", "address": "Universitätsklinikum Aachen, AöR\nNeurologische Klinik\nLehr- und Forschungsgebiet Neuropsychologie\nPauwelsstraße 30\n52074 Aachen", "projects_count": 1, "projects": ["Modellorientierte Behandlung von Wortproduktionsstörungen bei Aphasie"], "topic_id": 2, "topic_label": "des, analyse, mathematik", "color": "#b5d147", "url": "https://gepris.dfg.de/gepris/person/1859634"}}, {"type": "Feature", "geometry": {"type": "Point", "coordinates": [11.9712985, 51.4824354]}, "properties": {"person_number": "28586512", "person_name": "Professor Dr. Steffen Abel", "address": "Leibniz Institut für Pflanzenbiochemie\nAbteilung Molekulare Signalverarbeitung\nWeinberg 3\n06120 Halle", "projects_count": 6, "projects": ["TERRAPHOS - Evolution pflanzlicher Anpassung an terrestrische Phosphatverfügbarkeit", "Untersuchung der biochemischen Grundlagen der Wirkungsweise von ABERRANT LATERAL ROOT FORMATION4, einem mutmaßlichen Ubiquitylierungstuner", "GRK 2498: Kommunikation und Dynamik pflanzlicher Zellkompartimente", "GRK 1026: Konformationsumwandlungen bei makromolekularen Interaktionen", "Auswirkungen natürlicher LPR1-Proteoformen auf Fe-abhängiges Phosphatsensin", "Funktionelle Charakterisierung von Arabidopsis IQD1"], "topic_id": 3, "topic_label": "grk, sozialer, verhalten", "color": "#62d147", "url": "https://gepris.dfg.de/gepris/person/28586512"}}, {"type": "Feature", "geometry": {"type": "Point", "coordinates": [9.053596, 48.5203263]}, "properties": {"person_number": "447910572", "person_name": "Dr. Andreas Abele", "address": "Eberhard Karls Universität Tübingen\nPhilosophische Fakultät\nPhilologisches Seminar\nWilhelmstraße 36\n72074 Tübingen", "projects_count": 1, "projects": ["‚Reading Symmachus’ Letter Collection by the Book’. Literarästhetische, narratologische und historische Studien zur Briefsammlung des Symmachus"], "topic_id": 2, "topic_label": "des, analyse, mathematik", "color": "#b5d147", "url": "https://gepris.dfg.de/gepris/person/447910572"}}, {"type": "Feature", "geometry": {"type": "Point", "coordinates": [8.6820917, 50.1106444]}, "properties": {"person_number": "1786688", "person_name": "Privatdozent Dr. Rupert Abele", "address": "Goethe-Universität Frankfurt am Main\nFachbereich Biochemie, Chemie und Pharmazie\nInstitut für Biochemie\nMax-von-Laue-Straße 9\n60438 Frankfurt am Main", "projects_count": 3, "projects": ["Structural insights into substrate binding to the ABC transport complex TAP", "Function of the Transport Complex TAP", "Funktion und Mechanismus des lysosomalen Polypeptidtransporters ABCB9"], "topic_id": 6, "topic_label": "komplexen, transport, kreisschwimmer", "color": "#477ed1", "url": "https://gepris.dfg.de/gepris/person/1786688"}}, {"type": "Feature", "geometry": {"type": "Point", "coordinates": [13.7381437, 51.0493286]}, "properties": {"person_number": "163230722", "person_name": "Professor Dr. Stephan Abele", "address": "Technische Universität Dresden\nInstitut für Berufspädagogik und Berufliche Didaktiken\nWeberplatz 5\n01217 Dresden", "projects_count": 1, "projects": ["Hypothesen beim diagnostischen Problemlösen in technischen Domänen: Mentale Grundlage, Prozess und Ergebnis"], "topic_id": 2, "topic_label": "des, analyse, mathematik", "color": "#b5d147", "url": "https://gepris.dfg.de/gepris/person/163230722"}}, {"type": "Feature", "geometry": {"type": "Point", "coordinates": [10.9812072, 49.5891571]}, "properties": {"person_number": "987517", "person_name": "Professorin Dr. Andrea Abele-Brehm", "address": "Friedrich-Alexander-Universität Erlangen-Nürnberg\nDepartment Psychologie und Sportwissenschaften\nLehrstuhl Sozialpsychologie\nNägelsbachstraße 49b\n91052 Erlangen", "projects_count": 4, "projects": ["Berufliche Laufbahnentwicklung junger Akademikerinnen und Akademiker", "Lebenszufriedenheit und Berufserfolg", "Agency und Communion aus der Akteurs- vs. Beobachtungsperspektive", "Zur Theorie dimensionaler Vergleiche und ihrer Erweiterung auf die 'Big Two', Agency und Communion"], "topic_id": 1, "topic_label": "junger, dynamiken selbstverortungen, 2011", "color": "#d19a47", "url": "https://gepris.dfg.de/gepris/person/987517"}}, {"type": "Feature", "geometry": {"type": "Point", "coordinates": [-0.4421014, 39.5039227]}, "properties": {"person_number": "334649175", "person_name": "Dr. Gonzalo Abellán", "address": "Universidad de Valencia\nInstituto de Ciencia Molecular (ICMol)\nCatedrático José Beltrán Martinez 2\n46980 Paterna\nSpanien", "projects_count": 1, "projects": ["Vorbereitung und Charakterisierung von einzelnen/wenigen Lagen von Antimon und Germanium"], "topic_id": 2, "topic_label": "des, analyse, mathematik", "color": "#b5d147", "url": "https://gepris.dfg.de/gepris/person/334649175"}}, {"type": "Feature", "geometry": {"type": "Point", "coordinates": [-1.5541362, 47.2186371]}, "properties": {"person_number": "530447214", "person_name": "Dr. Patricia Abellan", "address": "Université de Nantes\nInstitut des Matériaux Jean Rouxel (IMN)\n2 rue de la Houssinière\n44322 Nantes\nFrankreich", "projects_count": 1, "projects": ["Intensivierte Process-Kopplungsreaktion mit Abtrennung unter Verwendung von Enzym-funktionalisierten Membranen zur Gewinnung von Biomolekülen aus Mikroalgen"], "topic_id": 2, "topic_label": "des, analyse, mathematik", "color": "#b5d147", "url": "https://gepris.dfg.de/gepris/person/530447214"}}, {"type": "Feature", "geometry": {"type": "Point", "coordinates": [8.5851945, 53.5505392]}, "properties": {"person_number": "1551667", "person_name": "Dr. Andrea Abelmann", "address": "Alfred-Wegener-Institut\nHelmholtz-Zentrum für Polar- und Meeresforschung\nAm Handelshafen 12\n27570 Bremerhaven", "projects_count": 3, "projects": ["The significance of radiolarian isotopic signals for paleoceanographic reconstructions", "Glazial/interglaziale Variabilität der Wassermassenstruktur und der biologischen Produktion im pazifischen Sektor des Südozeans, Erfassung von Mechanismen mit Einfluss auf den Atmosphären-Ozean CO2-Gasaustausch, Synthese von Klima- und biogeochemischer Modellierung mit Paläoproxy-Rekonstruktionen", "Biogene Opalisotope - neue Proxies zur Untersuchung vergangener Nährstoffkreisläufe und hydrographischer Strukturen im Südpazifik in Beziehung zu der Entwicklung des Klimas und der antarktischen Kryosphäre"], "topic_id": 9, "topic_label": "fur, untersuchung, methoden", "color": "#d1479a", "url": "https://gepris.dfg.de/gepris/person/1551667"}}, {"type": "Feature", "geometry": {"type": "Point", "coordinates": [9.7385532, 52.3744779]}, "properties": {"person_number": "469939269", "person_name": "Dr. Markus Abeln", "address": "Medizinische Hochschule Hannover\nInstitut für Klinische Biochemie\nCarl-Neuberg-Straße 1\n30625 Hannover", "projects_count": 1, "projects": ["Rolle der Sialoglykane für die Embryonalentwicklung"], "topic_id": 9, "topic_label": "fur, untersuchung, methoden", "color": "#d1479a", "url": "https://gepris.dfg.de/gepris/person/469939269"}}, {"type": "Feature", "geometry": {"type": "Point", "coordinates": [9.9351811, 51.5328328]}, "properties": {"person_number": "53428357", "person_name": "Professorin Dr. Birgit Abels", "address": "Georg-August-Universität Göttingen\nPhilosophische Fakultät\nMusikwissenschaftliches Seminar\nHeinrich Dürker Weg 14\n37073 Göttingen", "projects_count": 2, "projects": ["Moving Music. Meaning, Space, Musical Transformation", "Materialität, Wissensordnung, Institution. Die Eigenästhetik des Klangarchivs"], "topic_id": 2, "topic_label": "des, analyse, mathematik", "color": "#b5d147", "url": "https://gepris.dfg.de/gepris/person/53428357"}}, {"type": "Feature", "geometry": {"type": "Point", "coordinates": [9.053596, 48.5203263]}, "properties": {"person_number": "1848791", "person_name": "Professorin Dr. Gabriele Abels", "address": "Eberhard Karls Universität Tübingen\nWirtschafts- und Sozialwissenschaftliche Fakultät\nInstitut für Politikwissenschaft\nMelanchthonstraße 36\n72074 Tübingen", "projects_count": 1, "projects": ["Transformation gewaltzentrierter Männlichkeiten nach bewaffneten Konflikten"], "topic_id": 2, "topic_label": "des, analyse, mathematik", "color": "#b5d147", "url": "https://gepris.dfg.de/gepris/person/1848791"}}, {"type": "Feature", "geometry": {"type": "Point", "coordinates": [12.0974869, 49.0195333]}, "properties": {"person_number": "1865345", "person_name": "Professor Dr. Helmut Abels", "address": "Universität Regensburg\nFakultät für Mathematik\nLehrstuhl für Mathematik\n93040 Regensburg", "projects_count": 3, "projects": ["Sharp interface limits for diffuse interface models for two-phase flows of viscous incompressible fluids", "GRK 2339: IntComSin: Grenzflächen, komplexe Strukturen und singuläre Grenzwerte in der Kontinuumsmechanik - Analysis und Numerik", "GRK 1692: Curvature, Cycles, and Cohomology"], "topic_id": 5, "topic_label": "grk, analysis, modeling", "color": "#47d1d1", "url": "https://gepris.dfg.de/gepris/person/1865345"}}, {"type": "Feature", "geometry": {"type": "Point", "coordinates": [8.531007, 52.0191005]}, "properties": {"person_number": "987531", "person_name": "Professor Dr. Herbert Abels", "address": "Universität Bielefeld\nFakultät für Mathematik\nPostfach 100131\n33501 Bielefeld", "projects_count": 2, "projects": ["Dynamik und Geometrie linearer algebraischer Gruppen", "Diophantische Ungleichungen, Gruppen und Gitter"], "topic_id": 2, "topic_label": "des, analyse, mathematik", "color": "#b5d147", "url": "https://gepris.dfg.de/gepris/person/987531"}}, {"type": "Feature", "geometry": {"type": "Point", "coordinates": [9.053596, 48.5203263]}, "properties": {"person_number": "504639067", "person_name": "Dr. Joscha Abels", "address": "Eberhard Karls Universität Tübingen\nWirtschafts- und Sozialwissenschaftliche Fakultät\nInstitut für Politikwissenschaft\nMelanchthonstraße 36\n72074 Tübingen", "projects_count": 1, "projects": ["Infrastrukturen der Globalisierung. Strategien der EU im globalen Wettbewerb um wirtschaftliche Expansion und geoökonomische Kontrolle."], "topic_id": 9, "topic_label": "fur, untersuchung, methoden", "color": "#d1479a", "url": "https://gepris.dfg.de/gepris/person/504639067"}}, {"type": "Feature", "geometry": {"type": "Point", "coordinates": [8.531007, 52.0191005]}, "properties": {"person_number": "987550", "person_name": "Professor Dr. Werner Abelshauser", "address": "Universität Bielefeld\nFakultät für Geschichtswissenschaft, Philosophie und Theologie\nArbeitsbereich Wirtschaftsgeschichte\nPostfach 100131\n33501 Bielefeld", "projects_count": 4, "projects": ["GRK 150: Sozialgeschichte von Gruppen, Schichten, Klassen und Eliten", "GRK 1049: Archiv, Macht, Wissen - Organisieren, Kontrollieren, Zerstören von Wissensbeständen von der Antike bis zur Gegenwart", "GRK 724: Auf dem Weg in die Wissensgesellschaft: Wissenschaft in Anwendungs- und Beratungskontexten", "GRK 844: Weltgesellschaft - Die Herstellung und Repräsentation von Globalität"], "topic_id": 5, "topic_label": "grk, analysis, modeling", "color": "#47d1d1", "url": "https://gepris.dfg.de/gepris/person/987550"}}, {"type": "Feature", "geometry": {"type": "Point", "coordinates": [8.531007, 52.0191005]}, "properties": {"person_number": "243093989", "person_name": "Professorin Dr. Anja-Kristin Abendroth", "address": "Universität Bielefeld\nFakultät für Soziologie\nArbeitsbereich 5: Sozialstruktur und soziale Ungleichheit\nUniversitätsstraße 25\n33615 Bielefeld", "projects_count": 2, "projects": ["Organisationale Ungleichheiten und Wechselwirkungen zwischen Verwirklichungschancen im Berufs- und Privatleben: Eine Untersuchung von Beschäftigten in unterschiedlichen Arbeitsorganisationen", "Flexibilität in digitalisierten Arbeitswelten: Die Nutzung und Auswirkungen von Teleheimarbeit und digitaler Arbeitskommunikation im europäischen Ländervergleich"], "topic_id": 9, "topic_label": "fur, untersuchung, methoden", "color": "#d1479a", "url": "https://gepris.dfg.de/gepris/person/243093989"}}, {"type": "Feature", "geometry": {"type": "Point", "coordinates": [8.651177, 49.872775]}, "properties": {"person_number": "405975409", "person_name": "Dr.-Ing. Bettina Abendroth", "address": "Technische Universität Darmstadt\nFachbereich Maschinenbau\nInstitut für Arbeitswissenschaft\nOtto-Berndt -Straße 2\n64287 Darmstadt", "projects_count": 1, "projects": ["Teilprojekt 2: Externe Interaktion Modellierung der externen Interaktion mit nicht-automatisierten Akteuren im Straßenverkehr unter dem Einfluss von Migration der Fahrzeugautomatisierung"], "topic_id": 2, "topic_label": "des, analyse, mathematik", "color": "#b5d147", "url": "https://gepris.dfg.de/gepris/person/405975409"}}, {"type": "Feature", "geometry": {"type": "Point", "coordinates": [8.7704695, 50.8090106]}, "properties": {"person_number": "421981596", "person_name": "Dr. Frank Abendroth", "address": "Philipps-Universität Marburg\nFachbereich 15: Chemie\nChemische Biologie\nHans-Meerwein-Straße\n35043 Marburg", "projects_count": 1, "projects": ["Protein-PNA Konjugate als konditionelle BRET Plattform für Lebendzell mRNA Imaging und Quantifizierung"], "topic_id": 9, "topic_label": "fur, untersuchung, methoden", "color": "#d1479a", "url": "https://gepris.dfg.de/gepris/person/421981596"}}, {"type": "Feature", "geometry": {"type": "Point", "coordinates": [13.3428889, 50.9169415]}, "properties": {"person_number": "184388227", "person_name": "Dr.-Ing. Martin Abendroth", "address": "Technische Universität Bergakademie Freiberg\nInstitut für Mechanik und Fluiddynamik\nLampadiusstraße 4\n09599 Freiberg", "projects_count": 2, "projects": ["Modellierung und Bewertung des thermomechanischen Verhaltens von Filterwerkstoffen und Filterstrukturen", "Bestimmung der temperaturabhängigen bruch- und schädigungsmechanischen Eigenschaften keramischer Filterwerkstoffe aus Kleinstproben"], "topic_id": 2, "topic_label": "des, analyse, mathematik", "color": "#b5d147", "url": "https://gepris.dfg.de/gepris/person/184388227"}}, {"type": "Feature", "geometry": {"type": "Point", "coordinates": [8.6938161, 50.5808795]}, "properties": {"person_number": "282252469", "person_name": "Professorin Dr. Simone Abendschön", "address": "Justus-Liebig-Universität Gießen\nFachbereich 3 - Sozial- und Kulturwissenschaften\nInstitut für Politikwissenschaft\nKarl-Glöckner-Straße 21 E\n35394 Gießen", "projects_count": 1, "projects": ["Demokratie Leben Lernen 2.0 – Politische Sozialisation zu Beginn der Sekundarstufe I"], "topic_id": 2, "topic_label": "des, analyse, mathematik", "color": "#b5d147", "url": "https://gepris.dfg.de/gepris/person/282252469"}}, {"type": "Feature", "geometry": {"type": "Point", "coordinates": [8.7704695, 50.8090106]}, "properties": {"person_number": "551586905", "person_name": "Temesgen Abera, Ph.D.", "address": "Philipps-Universität Marburg\nFachbereich 19: Geographie\nFachgebiet Umweltinformatik\nDeutschhausstraße 12\n35037 Marburg", "projects_count": 1, "projects": ["Rückkopplungen zwischen Vegetation und Mikroklima im Kontext von Waldstörungen, Bewirtschaftung und Klimawandel im östlichen afromontanen Biodiversitätshotspot: Auswirkungen auf klimatische Mikrorefugien und Artenverbreitung in Afrika"], "topic_id": 2, "topic_label": "des, analyse, mathematik", "color": "#b5d147", "url": "https://gepris.dfg.de/gepris/person/551586905"}}, {"type": "Feature", "geometry": {"type": "Point", "coordinates": [13.3951309, 52.5173885]}, "properties": {"person_number": "1580294", "person_name": "Privatdozent Dr. Martin Aberhan", "address": "Museum für Naturkunde\nLeibniz-Institut für Evolutions- und Biodiversitätsforschung (MfN)\nInvalidenstraße 43\n10115 Berlin", "projects_count": 10, "projects": ["Taxonomie jurassischer Bivalven aus Chile und Mexiko", "Intrinsic and environmental controls of evolutionary rates in Triassic to Palaeogene marine bivalves", "Entwicklung benthischer, mariner Faunen SW-Europas unter klimatischem Stress während des Unteren Jura (Pliensbach-Toarc) (EvoBiv)", "Die Rolle der thermischen Nischen von Arten während Zeiten globaler Klimaveränderungen in der Erdvergangenheit (ThermNiche)", "GRK 503: Evolutive Transformationen und Faunenschnitte", "Stratigraphie, Faziesentwicklung sowie Invertebraten- und Mikropaläontologie der Tendaguru-Formation (Oberjura und Unterkreide von Tansania, Ostafrika)", "Die Kreide-Tertiär-Grenze in Patagonien - Paläontologische und sedimentologische Muster im globalen Vergleich", "Nachweis und Charakterisierung der Metamorphose bei Paläozoischen temnospondylen Amphibien", "Evolution der tropischen marinen Biodiversität: vergleichende Analyse der triassischen Fauna der Cassian Formation mit modernen Faunen", "Größenreduktion während hyperthermaler Ereignisse: frühe Warnsignale von Umweltbelastungen oder Anzeichen von Aussterben? (EarlyWarn)"], "topic_id": 4, "topic_label": "semantische, des, basierend benutzerinteraktionsprotokollen", "color": "#47d17e", "url": "https://gepris.dfg.de/gepris/person/1580294"}}, {"type": "Feature", "geometry": {"type": "Point", "coordinates": [6.7763137, 51.2254018]}, "properties": {"person_number": "1609575", "person_name": "Professor Dr. Hermann Aberle", "address": "Heinrich-Heine-Universität Düsseldorf\nDepartment Biologie\nInstitut für Funktionelle Zellmorphologie\nUniversitätsstraße 1\n40225 Düsseldorf", "projects_count": 5, "projects": ["Bildung, Aufrechterhaltung und strukturelle Veränderung von Synapsen", "Analyse axonaler Lenkungsmechanismen in Drosophila", "Identifizierung und Evaluation neuer Gene zur Förderung der axonalen Regeneration", "Hochauflösendes Fluoreszenzmikroskop", "Regulation der Struktur und des Wachstums von Synapsen"], "topic_id": 2, "topic_label": "des, analyse, mathematik", "color": "#b5d147", "url": "https://gepris.dfg.de/gepris/person/1609575"}}, {"type": "Feature", "geometry": {"type": "Point", "coordinates": [10.5236066, 52.2646577]}, "properties": {"person_number": "1739130", "person_name": "Professor Dr.-Ing. Jochen Aberle", "address": "Technische Universität Braunschweig\nLeichtweiß-Institut für Wasserbau\nBeethovenstraße 51a\n38106 Braunschweig", "projects_count": 2, "projects": ["Floodplain flows: Interaction Flow - Vegetation", "Ein kalibriertes und virtuelles Mehrskalen-Wellenmesslabor zur Verbesserung und Ergänzung von Strömungsmessungen: Von der Grundlagenforschung bis zur industriellen Anwendung"], "topic_id": 5, "topic_label": "grk, analysis, modeling", "color": "#47d1d1", "url": "https://gepris.dfg.de/gepris/person/1739130"}}, {"type": "Feature", "geometry": {"type": "Point", "coordinates": [10.000654, 53.550341]}, "properties": {"person_number": "1869407", "person_name": "Professorin Dr. Nicole Aberle-Malzahn", "address": "Universität Hamburg\nInstitut für marine Ökosystem- und Fischereiwissenschaften\nAbteilung Planktonökologie\nOlbersweg 24\n22767 Hamburg", "projects_count": 3, "projects": ["Untersuchungen Meereskunde, Trophische Interaktionen, Experimentelle Ökologie, Pelagische Ökosysteme", "Der Einfluss von Nährstofflimitationen auf Primär- und Sekundärkonsumenten und die Weitergabe dieses Limitationssignals an höhere trophische Ebenen", "GRK 2530: Rolle von Biota im Kohlenstoffkreislauf von Ästuaren"], "topic_id": 8, "topic_label": "eines, entwicklung, untersuchungen", "color": "#b547d1", "url": "https://gepris.dfg.de/gepris/person/1869407"}}, {"type": "Feature", "geometry": {"type": "Point", "coordinates": [10.8868478, 49.8916044]}, "properties": {"person_number": "319144611", "person_name": "Professor Dr.-Ing. Jakob Abeßer", "address": "Otto-Friedrich-Universität Bamberg\nFakultät Wirtschaftsinformatik und Angewandte Informatik\nProfessur für Computational Humanities\nAn der Weberei 5\n96047 Bamberg", "projects_count": 1, "projects": ["Informierte Klangquellenerkennung in Musik- und Audiosignalen"], "topic_id": 2, "topic_label": "des, analyse, mathematik", "color": "#b5d147", "url": "https://gepris.dfg.de/gepris/person/319144611"}}, {"type": "Feature", "geometry": {"type": "Point", "coordinates": [10.000654, 53.550341]}, "properties": {"person_number": "1607893", "person_name": "Professor Dr. Volker Abetz", "address": "Universität Hamburg\nFachbereich Chemie\nInstitut für Physikalische Chemie\nGrindelallee 117\n20146 Hamburg", "projects_count": 6, "projects": ["SONS - COMPLEXITY ACROSS LENGTHSCALES IN SOFT MATTER", "Einfluss der Verhinderung der Kollagen-Degradation durch MMPs auf den Dentin-Klebeverbund", "GRK 2536: Hybridstrukturen auf der Nanometerskala: Chemische Konzepte zur Herstellung heterogener Nanostrukturen mit anisotropen Materialeigenschaften (NANOHYBRID)", "Übergitter in Blockcopolymeren", "Copolymere und Linker als Bausteine für hierarchische Materialien", "Oberflächendifferenzierte Mikroemulsionen auf der Basis von amphiphilen ABC-Blockcopolyelektrolyten"], "topic_id": 5, "topic_label": "grk, analysis, modeling", "color": "#47d1d1", "url": "https://gepris.dfg.de/gepris/person/1607893"}}, {"type": "Feature", "geometry": {"type": "Point", "coordinates": [11.5753822, 48.1371079]}, "properties": {"person_number": "1697602", "person_name": "Privatdozentin Dr. Angela Abicht", "address": "Klinikum der Universität München\nCampus Innenstadt\nFriedrich Baur-Institut\nZiemssenstraße 1\n80336 München", "projects_count": 3, "projects": ["Molekulare und klinische Charakterisierung kongenitaler myasthener Syndrome (CMS)", "Novel insights into the pathomechanisms of congenital myasthenic syndromes (CMS)", "Neue Einblicke in den Pathomechanismus des mitochondrialen DNA Depletionssyndroms"], "topic_id": 9, "topic_label": "fur, untersuchung, methoden", "color": "#d1479a", "url": "https://gepris.dfg.de/gepris/person/1697602"}}, {"type": "Feature", "geometry": {"type": "Point", "coordinates": [11.9712985, 51.4824354]}, "properties": {"person_number": "987548", "person_name": "Professor Dr. Hans-Peter Abicht", "address": "Martin-Luther-Universität Halle-Wittenberg\nInstitut für Chemie - Anorganische Chemie\nKurt-Mothes-Straße 2\n06120 Halle", "projects_count": 6, "projects": ["Die Herstellung und Charakterisierung von Eigenschaftsgradienten in keramischen Materialien auf der Basis von Bariumtitanat", "Entwicklung keramischer Materialien mit definiertem Gradienten der elektromechanischen Eigenschaften", "Synthesen und physikalisch-chemische Eigenschaften von ionischen Mischphasen des Systems Ba(Ti,Sn)O3", "GRK 415: Defektbestimmte physikalische Eigenschaften", "Grenzflächenbestimmte, core-shell-strukturierte BaTiO3-Precursoren - Herstellung, Charakterisierung und Andwendung", "Synthesen und physikalisch-chemische Eigenschaften von ionischen Mischphasen des Systems BaTi(OxNy)3"], "topic_id": 8, "topic_label": "eines, entwicklung, untersuchungen", "color": "#b547d1", "url": "https://gepris.dfg.de/gepris/person/987548"}}, {"type": "Feature", "geometry": {"type": "Point", "coordinates": [11.5753822, 48.1371079]}, "properties": {"person_number": "223983655", "person_name": "Dr. Jan-Michael Abicht", "address": "Klinikum der Universität München\nCampus Großhadern\nKlinik für Anaesthesiologie\nMarchioninistraße 15\n81377 München", "projects_count": 1, "projects": ["Kardiale Xenotransplantation, die letzten Schritte zur klinischen Anwendung"], "topic_id": 2, "topic_label": "des, analyse, mathematik", "color": "#b5d147", "url": "https://gepris.dfg.de/gepris/person/223983655"}}, {"type": "Feature", "geometry": {"type": "Point", "coordinates": [7.8494005, 47.9960901]}, "properties": {"person_number": "190381329", "person_name": "Ummikalsom Abidin", "address": "Albert-Ludwigs-Universität Freiburg\nInstitut für Mikrosystemtechnik (IMTEK)\nGeorges-Köhler-Allee 103\n79110 Freiburg", "projects_count": 1, "projects": ["CISM-Kurs \"Computational Fluid-Structure Interaction, International Centre for Mechanical Sciences\" (06.-10.09.10 in Udine/Italien)"], "topic_id": 2, "topic_label": "des, analyse, mathematik", "color": "#b5d147", "url": "https://gepris.dfg.de/gepris/person/190381329"}}, {"type": "Feature", "geometry": {"type": "Point", "coordinates": [12.0974869, 49.0195333]}, "properties": {"person_number": "987535", "person_name": "Professor Dr. Hinrich Abken", "address": "Leibniz-Institut für Immuntherapie\nAbteilung für Gen-Immuntherapie\nFranz-Josef-Strauß-Allee 11\n93053 Regensburg", "projects_count": 6, "projects": ["Herstellung und Charakterisierung von anti-MUC1-scFv-Interleukin-2 Antikörper-Zytokin-Fusionsproteinen für die Immuntherapie zur Aufhebung der MUC1-induzierten, lokalen zellulären Immunsuppression durch MUC1-positive Karzinome", "Immunologische Charakterisierung CD7-negativer T-Zellen", "Adoptive Immuntherapie mit rekombinanten Rezeptoren: Evaluierung in einem präklinischen Maus-Modell", "Antigen driven cooperation of two single-chain receptors (immunoreceptors) to recognize defined antigen patterns by engineered T cells", "Mechanismen der onkogenen Kooperation von TCL 1 mit T-Zell Rezeptor vermittelter Signalübertragung in der T-PLL", "Hodgkin Lymphom spezifische T-Zell-Aktivierung mit Hilfe chimärer Rezeptoren"], "topic_id": 2, "topic_label": "des, analyse, mathematik", "color": "#b5d147", "url": "https://gepris.dfg.de/gepris/person/987535"}}, {"type": "Feature", "geometry": {"type": "Point", "coordinates": [10.000654, 53.550341]}, "properties": {"person_number": "1616425", "person_name": "Dr. Muhamed Bilal Aboalchamat", "address": "Universitätsklinikum Hamburg-Eppendorf\nKlinik und Poliklinik für Augenheilkunde\nMartinistraße 52\n20251 Hamburg", "projects_count": 1, "projects": ["Untersuchung der Alterungsprozesse und physiologischer Eigenschaften humaner kornealer Endothelzellen"], "topic_id": 9, "topic_label": "fur, untersuchung, methoden", "color": "#d1479a", "url": "https://gepris.dfg.de/gepris/person/1616425"}}, {"type": "Feature", "geometry": {"type": "Point", "coordinates": [31.2357257, 30.0443879]}, "properties": {"person_number": "275495206", "person_name": "Professorin Randa Aboubakr", "address": "Cairo University\nPO Box 12613\nCairo\nÄgypten", "projects_count": 1, "projects": ["Kairener Graffiti als Spiegel politischer und gesellschaftlicher Umbrüche: Eine Untersuchung ikonographischer Dynamiken und Selbstverortungen junger Künstler_innen (seit 2011)"], "topic_id": 1, "topic_label": "junger, dynamiken selbstverortungen, 2011", "color": "#d19a47", "url": "https://gepris.dfg.de/gepris/person/275495206"}}, {"type": "Feature", "geometry": {"type": "Point", "coordinates": [8.2736253, 49.9995205]}, "properties": {"person_number": "92402938", "person_name": "Dr. Wafa Abouchami", "address": "Max-Planck-Institut für Chemie (Otto-Hahn-Institut)\nHahn-Meitner-Weg 1\n55128 Mainz", "projects_count": 1, "projects": ["The lead isotope composition of the Earth´s mantle from double-spike analysis of abyssal peridotites"], "topic_id": 5, "topic_label": "grk, analysis, modeling", "color": "#47d1d1", "url": "https://gepris.dfg.de/gepris/person/92402938"}}, {"type": "Feature", "geometry": {"type": "Point", "coordinates": [11.5753822, 48.1371079]}, "properties": {"person_number": "565107691", "person_name": "Dr.-Ing. Mohamed Abouelela", "address": "Technische Universität München (TUM)\nTUM School of Engineering and Design\nLehrstuhl für Vernetzte Verkehrssysteme\nArcisstraße 21\n80333 München", "projects_count": 1, "projects": ["Neue Methoden zur Untersuchung von Verhalten und Präferenzen für Strategien zur extremen CO2-Vermeidung"], "topic_id": 9, "topic_label": "fur, untersuchung, methoden", "color": "#d1479a", "url": "https://gepris.dfg.de/gepris/person/565107691"}}, {"type": "Feature", "geometry": {"type": "Point", "coordinates": [8.7450304, 44.8349534]}, "properties": {"person_number": "317023786", "person_name": "Professorin Alaa Abouelfetouh, Ph.D.", "address": "Alexandria University\nFaculty of Pharmacy\nDepartment of Microbiology and Immunology\n1 el-Khartoum Square\n21521 Alexandria\nÄgypten", "projects_count": 1, "projects": ["Molekulare Epidemiologie und antimikrobielle Resistenzmechanismen bei Staphylokokken in verschiedenen geographischen Regionen Afrikas"], "topic_id": 2, "topic_label": "des, analyse, mathematik", "color": "#b5d147", "url": "https://gepris.dfg.de/gepris/person/317023786"}}, {"type": "Feature", "geometry": {"type": "Point", "coordinates": [31.2118063, 29.9870753]}, "properties": {"person_number": "206837614", "person_name": "Professor Mohamed Abouelhoda, Ph.D.", "address": "Nile University\nCenter for Informatics Science\nK28 Cairo-Alex Road\n12677 Giza\nÄgypten", "projects_count": 1, "projects": ["Compressed Suffix Trees: Design, Construction, and Applications"], "topic_id": 2, "topic_label": "des, analyse, mathematik", "color": "#b5d147", "url": "https://gepris.dfg.de/gepris/person/206837614"}}, {"type": "Feature", "geometry": {"type": "Point", "coordinates": [12.3747329, 51.3406321]}, "properties": {"person_number": "72844728", "person_name": "Professor Dr. Rami Abou Jamra", "address": "Universitätsklinikum Leipzig AöR\nInstitut für Humangenetik\nPhilipp-Rosenthal-Straße 55\n04103 Leipzig", "projects_count": 3, "projects": ["Mosaike und Risikoprädiktion bei Eltern von Kindern mit de novo Varianten (MORNOVA)", "Identifizierung der ursächlichen Gene bei nicht-syndromaler autosomal-rezessiver mentaler Retardierung.", "Systematische Charakterisierung von Genen bei autosomal-rezessiver mentaler Retardierung"], "topic_id": 2, "topic_label": "des, analyse, mathematik", "color": "#b5d147", "url": "https://gepris.dfg.de/gepris/person/72844728"}}, {"type": "Feature", "geometry": {"type": "Point", "coordinates": [-95.3440627, 29.7207902]}, "properties": {"person_number": "514896796", "person_name": "Professor Dr. Hosam Aboul-Ela", "address": "University of Houston\nHouston TX 77004\nUSA", "projects_count": 1, "projects": ["Dekoloniale Epistemologien? Wissen über Konfliktresolution und Versöhnung (ṣulḥ/muṣālaḥa) in Syrien und Jordanien"], "topic_id": 2, "topic_label": "des, analyse, mathematik", "color": "#b5d147", "url": "https://gepris.dfg.de/gepris/person/514896796"}}, {"type": "Feature", "geometry": {"type": "Point", "coordinates": [9.7385532, 52.3744779]}, "properties": {"person_number": "1551656", "person_name": "Dr. Faikah Abou-Rebyeh", "address": "Medizinische Hochschule Hannover\nZentrum Innere Medizin\nKlinik für Nieren- und Hochdruckerkrankungen\nCarl-Neuberg-Straße 1\n30625 Hannover", "projects_count": 1, "projects": ["Signaltransduktion von PSGL-1"], "topic_id": 2, "topic_label": "des, analyse, mathematik", "color": "#b5d147", "url": "https://gepris.dfg.de/gepris/person/1551656"}}, {"type": "Feature", "geometry": {"type": "Point", "coordinates": [7.6251879, 51.9625101]}, "properties": {"person_number": "1856560", "person_name": "Dr. Zhor Sarah Aboussalam", "address": "Universität Münster\nInstitut für Geologie und Paläontologie\nCorrensstraße 24\n48149 Münster", "projects_count": 2, "projects": ["Eovariscan evolution of the southern and northern Prototethys: high-resolution stratigraphy, facies developments, biogeography, and geodynamic interpretation", "Devonische Konturite in ozeanischen Passagen zwischen Gondwana und Laurussia"], "topic_id": 2, "topic_label": "des, analyse, mathematik", "color": "#b5d147", "url": "https://gepris.dfg.de/gepris/person/1856560"}}, {"type": "Feature", "geometry": {"type": "Point", "coordinates": [10.4655795, 52.2964136]}, "properties": {"person_number": "987543", "person_name": "Dr. Ahmed Abou-Zeid", "address": "Physikalisch-Technische Bundesanstalt (PTB)\nBundesallee 100\n38116 Braunschweig", "projects_count": 5, "projects": ["Profilometrie mit einem Mehrwellenlängen-Diodenlaserinterferometer", "Untersuchungen zur Entwicklung eines Absorptionshygrometers auf der Basis eines Diodenlasers mit externem Resonator", "Luftbrechzahl", "Absolutinterferometrie mit zwei Diodenlasern unter Nutzung der synthetischen Wellenlänge", "Untersuchungen zur Entwicklung eines Messverfahrens zur Form- und Durchmessermessung an dünnen Zylindern mittels Mehrwellenlängen-Diodenlaserinterferometrie"], "topic_id": 8, "topic_label": "eines, entwicklung, untersuchungen", "color": "#b547d1", "url": "https://gepris.dfg.de/gepris/person/987543"}}, {"type": "Feature", "geometry": {"type": "Point", "coordinates": [8.6820917, 50.1106444]}, "properties": {"person_number": "505082702", "person_name": "Professor Wesley Abplanalp, Ph.D.", "address": "Goethe-Universität Frankfurt am Main\nUniversitätsklinikum\nZentrum für Molekulare Medizin\nInstitut für Kardiovaskuläre Regeneration\nTheodor-Stern-Kai 7\n60596 Frankfurt am Main", "projects_count": 2, "projects": ["Mechanismen der Aortenklappenverkalkung durch klonale Hämatopoese-Mutationen (Projekt A2)", "Single Cell-Technologien"], "topic_id": 2, "topic_label": "des, analyse, mathematik", "color": "#b5d147", "url": "https://gepris.dfg.de/gepris/person/505082702"}}, {"type": "Feature", "geometry": {"type": "Point", "coordinates": [6.083862, 50.776351]}, "properties": {"person_number": "178400372", "person_name": "Professorin Dr. Erika Ábrahám", "address": "Rheinisch-Westfälische Technische Hochschule Aachen\nInformatik 2 - Lehrstuhl Softwaremodellierung und Verifikation\nAhornstraße 2\n52056 Aachen", "projects_count": 8, "projects": ["Erreichbarkeitsanalyse für stochastische hybride Systeme", "SMT Techniken für arithmetische Theorien", "RigorOus dependability analysis using model ChecKing techniques for Stochastic systems (ROCKS)", "Berechnung von Gegenbeispielen für stochastische Systeme unter Verwendung von Bounded Model Checking", "Entwicklung von neuartigen Online-Verfahren zur optimalen Steuerung hybrider Antriebssysteme", "Ein Werkzeugkasten für die Erreichbarkeitsanalyse hybrider Systeme mittels geometrischer Approximationen", "GRK 2236: Unsicherheit und Randomisierung in Algorithmen, Verifikation und Logik.", "GRK 1298: Algorithmische Synthese reaktiver und diskret-kontinuierlicher Systeme (AlgoSyn)"], "topic_id": 5, "topic_label": "grk, analysis, modeling", "color": "#47d1d1", "url": "https://gepris.dfg.de/gepris/person/178400372"}}, {"type": "Feature", "geometry": {"type": "Point", "coordinates": [11.077298, 49.453872]}, "properties": {"person_number": "1604412", "person_name": "Professor Dr. Martin Abraham", "address": "Friedrich-Alexander-Universität Erlangen-Nürnberg\nFachbereich Wirtschaftswissenschaften\nLehrstuhl für Soziologie und Empirische Sozialforschung\nFindelgasse 7/9\n90402 Nürnberg", "projects_count": 10, "projects": ["Die Rolle sozialer Normen für die Ausgestaltung der Flexibilität am Arbeitsplatz", "Die Bedeutung sozialer Einbettung für Konsumentscheidungen privater Akteure", "Die Konsequenzen räumlicher Mobilität für Partnerschaft und Familie", "Adaption der Berufsaspiration bei Jugendlichen - Wirkung sozialer Herkunft sowie Opportunitäts- und Marktstrukturen: Anpassungsprozesse von Jugendlichen bei der Suche nach einem Ausbildungsberuf", "Prekäre Beschäftigung und regionale Mobilität. Eine experimentelle Studie mit dem Faktoriellen Survey-Design", "Die Regulierung von Berufen und ihr Einfluss auf die Positionierung im Arbeitsmarkt", "Die Arbeitsmarktintegration qualifizierter MigrantInnen im internationalen Vergleich", "Eigenschaften digitaler Technologien und Geschlechterungleichheit im Erwerbsleben", "Die Entstehung von Reputation in Wirtschaftsbeziehungen", "Kompromissbildung und deren Konsequenzen - Pfadabhängigkeiten zwischen Berufsfindung, Bildungsentscheidungen und Ausbildungsverläufen"], "topic_id": 3, "topic_label": "grk, sozialer, verhalten", "color": "#62d147", "url": "https://gepris.dfg.de/gepris/person/1604412"}}, {"type": "Feature", "geometry": {"type": "Point", "coordinates": [10.8868478, 49.8916044]}, "properties": {"person_number": "987515", "person_name": "Professor Dr. Ulf Abraham", "address": "Otto-Friedrich-Universität Bamberg\nFakultät Geistes- und Kulturwissenschaften\nLehrstuhl für Didaktik der Deutschen Sprache und Literatur\nAn der Universität 5\n96047 Bamberg", "projects_count": 1, "projects": ["Lehren lernen mit Fachspezifischem Unterrichtscoaching durch Lehrpersonen und studentische Peers. Implementation und Wirkungen in heterogenen Praktikumskulturen in der Schweiz und in Deutschland."], "topic_id": 2, "topic_label": "des, analyse, mathematik", "color": "#b5d147", "url": "https://gepris.dfg.de/gepris/person/987515"}}, {"type": "Feature", "geometry": {"type": "Point", "coordinates": [13.3951309, 52.5173885]}, "properties": {"person_number": "1747226", "person_name": "Dr. Ute Abraham", "address": "Charité - Universitätsmedizin Berlin\nCampus Virchow-Klinikum (CVK)\nInstitut für Medizinische Immunologie\nFachbereich Chronobiologie\nCharitéplatz 1\n10117 Berlin", "projects_count": 2, "projects": ["Circadiane Uhren im Säugerhirn: sind die suprachiasmatischen Nuklei notwendig, um die circadianen Oszillationen in anderen Hirnbereichen aufrecht zu erhalten?", "Die circadiane Uhr im olfaktorischen Bulbus der Säuger: Mechanismen der Entrainments und funktionelle Aspekte"], "topic_id": 2, "topic_label": "des, analyse, mathematik", "color": "#b5d147", "url": "https://gepris.dfg.de/gepris/person/1747226"}}, {"type": "Feature", "geometry": {"type": "Point", "coordinates": [13.3951309, 52.5173885]}, "properties": {"person_number": "987557", "person_name": "Professor Dr. Werner Abraham", "address": "Humboldt-Universität zu Berlin\nMathematisch-Naturwissenschaftliche Fakultät\nInstitut für Chemie\nBrook-Taylor-Straße 2\n12489 Berlin", "projects_count": 5, "projects": ["Wirt-Gast-Komplexe mit Cycloheptatrienyl- und Tropylium-Calix[4]arenen", "Absolute asymmetrische Synthese, Spektroskopie und Untersuchungen zum Bildungsmechanismus von chiralen, supramolekularen Farbstoffaggregaten", "Photoschaltbare Wirte auf der Basis von Calixarenen und Kronenethern", "Photoschaltbare Rotaxane auf Acridanbasis", "Schaltbare Rotaxane zur Funktionalisierung von Oberflächen"], "topic_id": 8, "topic_label": "eines, entwicklung, untersuchungen", "color": "#b547d1", "url": "https://gepris.dfg.de/gepris/person/987557"}}, {"type": "Feature", "geometry": {"type": "Point", "coordinates": [10.5236066, 52.2646577]}, "properties": {"person_number": "258417", "person_name": "Dr. Wolf-Rainer Abraham", "address": "Helmholtz-Zentrum für Infektionsforschung GmbH\nArbeitsgruppe Chemische Mikrobiologie\nInhoffenstraße 7\n38124 Braunschweig", "projects_count": 2, "projects": ["GRK 653: Pseudomonas: Pathogenicity and Biotechnology", "Chemische Funktionalisierung dentaler Implantat-Abutments zur Reduktion der oralen Biofilmbildung"], "topic_id": 5, "topic_label": "grk, analysis, modeling", "color": "#47d1d1", "url": "https://gepris.dfg.de/gepris/person/258417"}}, {"type": "Feature", "geometry": {"type": "Point", "coordinates": [9.1800132, 48.7784485]}, "properties": {"person_number": "219254659", "person_name": "Privatdozent Dr. Stefan Abrahamczyk", "address": "Staatliches Museum für Naturkunde Stuttgart - Zentrum für Biodiversitätsforschung\nAbteilung Botanik\nRosenstein 1\n70191 Stuttgart", "projects_count": 2, "projects": ["Relative Bedeutung von Blütenbesuchern als Bestäuber entlang eines Störungsgradienten", "Bestäubungsökologie von Impatiens section Trimorphopetalum (Balsaminaceae) auf Madagaskar - ein Vergleich von Arten mit und ohne Belohnung mit Nektar"], "topic_id": 8, "topic_label": "eines, entwicklung, untersuchungen", "color": "#b547d1", "url": "https://gepris.dfg.de/gepris/person/219254659"}}, {"type": "Feature", "geometry": {"type": "Point", "coordinates": [13.3951309, 52.5173885]}, "properties": {"person_number": "987545", "person_name": "Professor Dr. Ulrich Abram", "address": "Freie Universität Berlin\nInstitut für Chemie und Biochemie\nAbteilung Anorganische Chemie\nFabeckstraße 34-36\n14195 Berlin", "projects_count": 4, "projects": ["Nitridobrücken zwischen Technetium und Hauptgruppenelementen", "Technetiumkomplexe mit einfachen anorganischen Liganden", "GRK 2260: BIOQIC - Biophysikalisch fundierte, quantitative Bildgebung für die klinische Diagnose", "GRK 1582: Fluor als Schlüsselelement: Durch neue Synthesekonzepte zu Verbindungen mit einzigartigen Eigenschaften"], "topic_id": 9, "topic_label": "fur, untersuchung, methoden", "color": "#d1479a", "url": "https://gepris.dfg.de/gepris/person/987545"}}, {"type": "Feature", "geometry": {"type": "Point", "coordinates": [8.531007, 52.0191005]}, "properties": {"person_number": "1566079", "person_name": "Dr. Peter Abramenko", "address": "Universität Bielefeld\nFakultät für Mathematik\nPostfach 100131\n33501 Bielefeld", "projects_count": 1, "projects": ["Mathematik"], "topic_id": 2, "topic_label": "des, analyse, mathematik", "color": "#b5d147", "url": "https://gepris.dfg.de/gepris/person/1566079"}}, {"type": "Feature", "geometry": {"type": "Point", "coordinates": [7.2196635, 51.4818111]}, "properties": {"person_number": "1615567", "person_name": "Professor Dr.-Ing. Michael Abramovici", "address": "Ruhr-Universität Bochum\nFakultät für Maschinenbau\nLehrstuhl für Maschinenbauinformatik\nUniversitätsstraße 150\n44801 Bochum", "projects_count": 3, "projects": ["Globaler Informations- und Dokumentationsassistent für verteilte Produktentwicklungsprozesse komplexer Produkte", "Erweiterung des Product Lifecycle Managements durch wissensbasierte Rückführung von Produktnutzungsinformationen in die Produktentwicklung (WiRPro)", "Semantische Analyse unstrukturierter HLB-Lifecycle Informationen"], "topic_id": 4, "topic_label": "semantische, des, basierend benutzerinteraktionsprotokollen", "color": "#47d17e", "url": "https://gepris.dfg.de/gepris/person/1615567"}}, {"type": "Feature", "geometry": {"type": "Point", "coordinates": [11.5734327, 49.9449711]}, "properties": {"person_number": "35899756", "person_name": "Dr. Uwe Abramowski", "address": "Universität Bayreuth\nFachgruppe Geowissenschaften\nGeographisches Institut\nLehrstuhl für Geomorphologie\nUniversitätsstraße 30\n95447 Bayreuth", "projects_count": 1, "projects": ["Datierung von Terrrassen mittels in situ 10-Be und optisch stimulierter Lumineszenz"], "topic_id": 8, "topic_label": "eines, entwicklung, untersuchungen", "color": "#b547d1", "url": "https://gepris.dfg.de/gepris/person/35899756"}}, {"type": "Feature", "geometry": {"type": "Point", "coordinates": [6.7763137, 51.2254018]}, "properties": {"person_number": "467462851", "person_name": "Dr. Daniel Abrar", "address": "Universitätsklinikum Düsseldorf\nInstitut für Diagnostische und Interventionelle Radiologie\nMoorenstraße 5\n40225 Düsseldorf", "projects_count": 1, "projects": ["Umfassende Optimierung moderner Magnetresonanztomografieverfahren und Nachbearbeitungstechniken zur Quantifizierung des Glykosaminoglykan-Gehaltes lumbaler Bandscheiben."], "topic_id": 2, "topic_label": "des, analyse, mathematik", "color": "#b5d147", "url": "https://gepris.dfg.de/gepris/person/467462851"}}, {"type": "Feature", "geometry": {"type": "Point", "coordinates": [7.2196635, 51.4818111]}, "properties": {"person_number": "987523", "person_name": "Professor Dr. Uwe Abresch", "address": "Ruhr-Universität Bochum\nFakultät für Mathematik\nLehrstuhl Analysis, insbes.\nDifferentialgeometrie und Dynamische Systeme\nUniversitätsstraße 150\n44801 Bochum", "projects_count": 3, "projects": ["The geometry of exotic spheres and exotic projective spaces", "Minimal surfaces, constant mean curvature surfaces, and the isoperimetric problem", "Differentialgeometrie und Quantisierung von geometrischen Systemen"], "topic_id": 0, "topic_label": "surfaces, sculptured, exotic", "color": "#d14747", "url": "https://gepris.dfg.de/gepris/person/987523"}}, {"type": "Feature", "geometry": {"type": "Point", "coordinates": [7.6251879, 51.9625101]}, "properties": {"person_number": "461670864", "person_name": "Dr. Rafael Abreu", "address": "Universität Münster\nFachbereich 11 - Physik\nInstitut für Geophysik\nCorrensstraße 24\n48149 Münster", "projects_count": 1, "projects": ["Tiefe Erde Rotationsseismologie"], "topic_id": 2, "topic_label": "des, analyse, mathematik", "color": "#b5d147", "url": "https://gepris.dfg.de/gepris/person/461670864"}}, {"type": "Feature", "geometry": {"type": "Point", "coordinates": [15.6245252, 58.4098135]}, "properties": {"person_number": "18592326", "person_name": "Professor Dr. Igor Abrikosov", "address": "Linköping University\nDepartment of Physics and Measurement Technology, Biology and Chemistry (IFM)\n58183 Linköping\nSchweden", "projects_count": 3, "projects": ["Mineralogy and Chemistry of Earth`s core (MCEC) (FP 08)", "Hochdruckchemie von stickstoffreichen Verbindungen", "Klärung des „Paradoxons des Fe-O-Systems“ zum Verständnis der Mineralogie der tiefen Erden und von Supererden"], "topic_id": 2, "topic_label": "des, analyse, mathematik", "color": "#b5d147", "url": "https://gepris.dfg.de/gepris/person/18592326"}}, {"type": "Feature", "geometry": {"type": "Point", "coordinates": [11.5753822, 48.1371079]}, "properties": {"person_number": "558598136", "person_name": "Dr. Claudia Abril", "address": "Ludwig-Maximilians-Universität München\nDepartment für Geo- und Umweltwissenschaften\nSektion Geophysik\nTheresienstraße 41\n80333 München", "projects_count": 1, "projects": ["CYBERSHAKE - CyberShake und SeisSol für physikbasierte Simulationen von Fehlerrupturen und Bodenbewegungen am östlichen Rand der Adria-Platte unter Verwendung von Supercomputing"], "topic_id": 9, "topic_label": "fur, untersuchung, methoden", "color": "#d1479a", "url": "https://gepris.dfg.de/gepris/person/558598136"}}, {"type": "Feature", "geometry": {"type": "Point", "coordinates": [8.651177, 49.872775]}, "properties": {"person_number": "5132", "person_name": "Professorin Dr. Heidrun Abromeit", "address": "Technische Universität Darmstadt\nFachbereich Gesellschafts- und Geschichtswissenschaften\nInstitut für Politikwissenschaft\nAm Residenzschloss 1\n64283 Darmstadt", "projects_count": 3, "projects": ["Demokratie im mehrdimensionalen, suprastaatlichen Entscheidungssystem: Modellüberlegungen zur Demokratisierung der Europäischen Union", "Beitrag der Politikwissenschaft zur Demokratisierung und Konstitutionalisierung der EU", "Die Entwicklung von Recht und Demokratie in der EU - Der öffentliche Rechtediskurs im europäischen Institutionengefüge"], "topic_id": 8, "topic_label": "eines, entwicklung, untersuchungen", "color": "#b547d1", "url": "https://gepris.dfg.de/gepris/person/5132"}}, {"type": "Feature", "geometry": {"type": "Point", "coordinates": [11.7439565, 48.4008273]}, "properties": {"person_number": "1416164", "person_name": "Privatdozent Dr. Clemens Abs", "address": "Technische Universität München\nTUM School of Life Sciences\nForschungsdepartment Life Science Systems\nHans-Carl-von-Carlowitz-Platz 2\n85354 Freising", "projects_count": 1, "projects": ["Auswirkungen einer Temperaturerhöhung auf die alpine Rasen-Vegetation der Nördlichen Kalkalpen"], "topic_id": 2, "topic_label": "des, analyse, mathematik", "color": "#b5d147", "url": "https://gepris.dfg.de/gepris/person/1416164"}}, {"type": "Feature", "geometry": {"type": "Point", "coordinates": [10.135555, 54.3227085]}, "properties": {"person_number": "20949252", "person_name": "Dr. Jan Abshagen", "address": "Christian-Albrechts-Universität zu Kiel\nMathematisch-Naturwissenschaftliche Fakultät\nInstitut für Experimentelle und Angewandte Physik\nOlshausenstraße 40\n24118 Kiel", "projects_count": 1, "projects": ["Experiments on the subcritical transition to spiral turbulence in Taylor-Couette flow by parametric modulation and chaos control"], "topic_id": 2, "topic_label": "des, analyse, mathematik", "color": "#b5d147", "url": "https://gepris.dfg.de/gepris/person/20949252"}}, {"type": "Feature", "geometry": {"type": "Point", "coordinates": [12.1400211, 54.0886707]}, "properties": {"person_number": "171828085", "person_name": "Dr. Kerstin Abshagen", "address": "Universität Rostock\nUniversitätsmedizin Rostock\nInstitut für Experimentelle Chirurgie\nmit Zentraler Versuchstierhaltung\nSchillingallee 69 a\n18057 Rostock", "projects_count": 2, "projects": ["Gezielte antifibrotische Gentherapie - Stammzellpotential von hepatischen Sternzellen", "Repin1 und Resolvine - Provokation und Resolution der \"stillen und sterilen\" Inflammation (Inflammasom) im Rahmen der Progression chronischer Lebererkrankungen zum HCC"], "topic_id": 2, "topic_label": "des, analyse, mathematik", "color": "#b5d147", "url": "https://gepris.dfg.de/gepris/person/171828085"}}, {"type": "Feature", "geometry": {"type": "Point", "coordinates": [13.3951309, 52.5173885]}, "properties": {"person_number": "429229107", "person_name": "Dr. Eva Petra Absmeier", "address": "Freie Universität Berlin\nInstitut für Chemie und Biochemie\nAG Strukturbiochemie\nTakustraße 6\n14195 Berlin", "projects_count": 2, "projects": ["Entschlüsselung der Kommunikation zwischen der Dhh1/DDX6 Helikase und dem Ccr4 Not Deadenylase-Komplex", "Die MEX3 Proteinfamilie der RNS bindenden E3 Ubiquitin Ligasen- ein Schalter für raschen Boten-RNS Abbau"], "topic_id": 9, "topic_label": "fur, untersuchung, methoden", "color": "#d1479a", "url": "https://gepris.dfg.de/gepris/person/429229107"}}, {"type": "Feature", "geometry": {"type": "Point", "coordinates": [11.6509662, 48.2513878]}, "properties": {"person_number": "5135", "person_name": "Professor Dr. Gerhard Abstreiter", "address": "Technische Universität München\nWalter Schottky Institut\nAm Coulombwall 4\n85748 Garching", "projects_count": 17, "projects": ["Tunneln zwischen senkrecht aufeinander stehenden Elektronenkanälen", "Realisierung hochbeweglicher zweidimensionaler Ladungsträgersysteme auf (100) und (110) GaAs Oberflächen", "Transport in bent quantum wells in the quantum Hall regime", "International Collaboration in Chemistry: A New Molecular Architecture for Organic Electronics", "Sub - 10 nm - Nanotransfer - Drucktechnik auf der Grundlage von MBE-Stempeln für neuartige Anwendungen in der organischen und molekularen Elektronik", "Oberflächenemittierende Laserdioden", "Optische Eigenschaften von ein- und nulldimensionalen Quantentoepfen", "Optische Detektoren und Speicher mit lateraler Ortsauflösung im Nanometerbereich", "Zentrales Serviceprojekt", "Hochfrequenzanregungen in Halbleiternanostrukturen", "Niedrigdimensionale Systeme durch Wachstum auf Spaltflächen", "Ein-Elektronen-Bauelemente", "Local biosensing using silicon based photonic nanostructures", "Biomolekül-Transport duch funktionalisierte Nanoporen", "Spinabhängige Spektroskopie von eindimensionalen Zuständen in einzelnen und gekoppelten Quantenpunkten", "Elektrostatisch definierte Spin Qubits in Si/SiGe: Bauteile und Materialien mit spezifisch eingestell-ten Kernspingehalten", "InAs-based nanowires on silicon platform for novel nanoscale high electron mobility heterojunction devices"], "topic_id": 6, "topic_label": "komplexen, transport, kreisschwimmer", "color": "#477ed1", "url": "https://gepris.dfg.de/gepris/person/5135"}}, {"type": "Feature", "geometry": {"type": "Point", "coordinates": [8.6820917, 50.1106444]}, "properties": {"person_number": "35593695", "person_name": "Markus Abt", "address": "Goethe-Universität Frankfurt am Main\nFachbereich Physik\nPhysikalisches Institut\nMax-von-Laue-Straße 1\n60438 Frankfurt am Main", "projects_count": 1, "projects": ["Mollow-Triplett-Emission und die Erzeugung höherer Harmonischer bei Dotieratomen in Halbleitern im starken Terahertz-Feld"], "topic_id": 2, "topic_label": "des, analyse, mathematik", "color": "#b5d147", "url": "https://gepris.dfg.de/gepris/person/35593695"}}]}